date,price,service,address
2018-10-30,2.99,Global,"765 E Main St , Stamford, CT"
2018-10-30,3.09,Sunoco,"136 Myrtle Ave, Stamford, CT"
2018-10-30,3.03,BP,"59 W Broad St, Stamford, CT"
2018-10-30,3.05,Shell,"179 Shippan Ave , Stamford, CT"
2018-10-30,3.05,Mini Mart,"314 Cove Rd, Stamford, CT"
2018-10-30,3.35,Shell,"2666 Summer St, Stamford, CT"
2018-10-30,3.09,Shell,"243 West Ave, Stamford, CT"
2018-10-30,2.88,Gulf ,"250 Hope St, Stamford, CT"
2018-10-30,3.05,Gulf,"1125 E Main St, Stamford, CT"
2018-10-30,3.19,CITGO,"16 Long Ridge Rd, Stamford, CT"
2018-10-30,2.87,CITGO,"493 Glenbrook Rd , Stamford, CT"
2018-10-30,2.79,BP,"547 North Ave, Bridgeport, CT"
2018-10-30,2.89,Shell,"915 North Ave, Bridgeport, CT"
2018-10-30,2.85,Speedway,"169 North Ave, Bridgeport, CT"
2018-10-30,2.89,Exxon,"565 Lindley St, Bridgeport, CT"
2018-10-30,2.79,Barnum Fuels,"1789 Barnum Ave, Bridgeport, CT"
2018-10-30,2.99,Shell,"2613 Main St, Bridgeport, CT"
2018-10-30,2.89,Gulf,"927 Park Ave, Bridgeport, CT"
2018-10-30,2.95,Cumberland Farms,"2525 E Main St, Bridgeport, CT"
2018-10-30,2.84,Massey,"40 Hollister Ave, Bridgeport, CT"
2018-10-30,2.87,CITGO,"900 State St, Bridgeport, CT"
2018-10-30,3.09,Mobil,"284 Whalley Ave, New Haven, CT"
2018-10-30,3.03,Mobil,"241 Kimberly Ave, New Haven, CT"
2018-10-30,2.87,Forbes Premium,"401 Forbes Ave, East Haven, CT"
2018-10-30,2.79,Exxon,"775 Whalley Ave, New Haven, CT"
2018-10-30,2.73,Irving,"801 Whalley Ave, New Haven, CT"
2018-10-30,2.92,Shell,"618 W Main St , Waterbury, CT"
2018-10-30,2.89,Cumberland Farms,"1359 THOMASTON AVE, Waterbury, CT"
2018-10-30,2.79,Gulf,"21 Homer St, Waterbury, CT"
2018-10-30,3.06,Cumberland Farms,"975 Kings Hwy E, Fairfield, CT"
2018-10-30,2.87,ATLAS Gas,"1726 Fairfield Ave, Bridgeport, CT"
2018-10-30,2.87,CITGO,"900 State St, Bridgeport, CT"
2018-10-30,2.95,CITGO,"2505 North Ave, Bridgeport, CT"
2018-10-30,2.92,Stop & Shop,"705 Villa Ave, Fairfield, CT"
2018-10-30,2.91,Star Fuels,"350 Jennings Rd, Fairfield, CT"
2018-10-30,2.89,Gulf,"927 Park Ave, Bridgeport, CT"
2018-10-30,2.99,Sunoco,"500 Grasmere Ave, Fairfield, CT"
2018-10-30,2.89,Shell,"915 North Ave, Bridgeport, CT"
2018-10-30,3.02,Cumberland Farms,"1101 Post Rd, Fairfield, CT"
2018-10-30,3.03,Mobil,"241 Kimberly Ave, New Haven, CT"
2018-10-30,3.09,Mobil,"284 Whalley Ave, New Haven, CT"
2018-10-30,2.87,Xpress Fuel,"345 Elm St, West Haven, CT"
2018-10-30,2.89,Gulf,"750 Orange Ave, West Haven, CT"
2018-10-30,2.87,Forbes Premium,"401 Forbes Ave, East Haven, CT"
2018-10-30,2.89,Gulf,"1267 Fairfield Ave, Bridgeport, CT"
2018-10-30,2.89,Gulf,"927 Park Ave, Bridgeport, CT"
2018-10-30,2.89,Shell,"915 North Ave, Bridgeport, CT"
2018-10-30,2.95,CITGO,"2505 North Ave, Bridgeport, CT"
2018-10-30,2.87,ATLAS Gas,"1726 Fairfield Ave, Bridgeport, CT"
2018-10-30,2.79,BP,"547 North Ave, Bridgeport, CT"
2018-10-30,2.99,Shell,"2613 Main St, Bridgeport, CT"
2018-10-30,2.89,Exxon,"565 Lindley St, Bridgeport, CT"
2018-10-30,2.92,Stop & Shop,"705 Villa Ave, Fairfield, CT"
2018-10-30,2.85,Speedway,"169 North Ave, Bridgeport, CT"
2018-10-30,2.79,Ravi,"145 New Britain Ave, Hartford, CT"
2018-10-30,2.79,DB Mart,"125 New Britain Ave, Hartford, CT"
2018-10-30,2.85,CITGO,"182 Washington St, Hartford, CT"
2018-10-30,2.65,CITGO,"831 Maple Ave, Hartford, CT"
2018-10-30,2.65,Select,"161 Maple Ave, Hartford, CT"
2018-10-30,2.65,City Gas,"10 White St, Hartford, CT"
2018-10-30,2.65,Ravi,"850 Maple Ave, Hartford, CT"
2018-10-30,2.65,Valero,"923 Maple Ave, Hartford, CT"
2018-10-30,2.99,Shell,"195 Prospect , Hartford, CT"
2018-10-30,2.93,7-Eleven,"2120 Park St, Hartford, CT"
2018-10-30,3.05,Shell,"456 New Park Ave, West Hartford, CT"
2018-10-30,2.99,Mobil,"55 Kane St, West Hartford, CT"
2018-10-30,2.89,Gulf,"1127 Capitol Ave, Hartford, CT"
2018-10-30,3.01,Cumberland Farms,"485 New Park , West Hartford, CT"
2018-10-30,3.09,Mobil,"284 Whalley Ave, New Haven, CT"
2018-10-30,2.79,Exxon,"775 Whalley Ave, New Haven, CT"
2018-10-30,2.73,Irving,"801 Whalley Ave, New Haven, CT"
2018-10-30,2.79,Sunoco,"1978 State St, Hamden, CT"
2018-10-30,3.03,Mobil,"241 Kimberly Ave, New Haven, CT"
2018-10-30,2.91,CITGO,"3956 Main St, Bridgeport, CT"
2018-10-30,2.99,Mobil,"3691 Main St, Bridgeport, CT"
2018-10-30,2.97,Valero,"4031 Main St, Bridgeport, CT"
2018-10-30,2.97,Valero,"4063 Main St, Bridgeport, CT"
2018-10-30,2.99,Shell,"2613 Main St, Bridgeport, CT"
2018-10-30,2.85,Speedway,"169 North Ave, Bridgeport, CT"
2018-10-30,2.89,Exxon,"565 Lindley St, Bridgeport, CT"
2018-10-30,2.99,Shell,"4402 Main St, Bridgeport, CT"
2018-10-30,2.95,Cumberland Farms,"2525 E Main St, Bridgeport, CT"
2018-10-30,2.79,BP,"547 North Ave, Bridgeport, CT"
2018-10-30,2.93,Mobil,"1360 Noble Ave, Bridgeport, CT"
2018-10-30,2.79,City Gas,"289 Huntington Tpke, Bridgeport, CT"
2018-10-30,2.89,Shell,"915 North Ave, Bridgeport, CT"
2018-10-30,2.85,Valero,"406 Huntington Tpke, Bridgeport, CT"
2018-10-31,2.99,Global,"765 E Main St , Stamford, CT"
2018-10-31,3.09,Sunoco,"136 Myrtle Ave, Stamford, CT"
2018-10-31,3.05,Shell,"179 Shippan Ave , Stamford, CT"
2018-10-31,3.05,Mini Mart,"314 Cove Rd, Stamford, CT"
2018-10-31,3.09,Shell,"243 West Ave, Stamford, CT"
2018-10-31,2.88,Gulf ,"250 Hope St, Stamford, CT"
2018-10-31,3.05,Gulf,"1125 E Main St, Stamford, CT"
2018-10-31,2.87,CITGO,"493 Glenbrook Rd , Stamford, CT"
2018-10-31,3.16,Gulf,"527 Glenbrook Rd, Stamford, CT"
2018-10-31,2.79,BP,"547 North Ave, Bridgeport, CT"
2018-10-31,2.89,Shell,"915 North Ave, Bridgeport, CT"
2018-10-31,2.89,Exxon,"565 Lindley St, Bridgeport, CT"
2018-10-31,2.93,Shell,"1917 Boston Ave, Bridgeport, CT"
2018-10-31,2.79,Barnum Fuels,"1789 Barnum Ave, Bridgeport, CT"
2018-10-31,2.99,Shell,"2613 Main St, Bridgeport, CT"
2018-10-31,2.89,Gulf,"927 Park Ave, Bridgeport, CT"
2018-10-31,2.92,Cumberland Farms,"2525 E Main St, Bridgeport, CT"
2018-10-31,2.84,Massey,"40 Hollister Ave, Bridgeport, CT"
2018-10-31,2.87,CITGO,"900 State St, Bridgeport, CT"
2018-10-31,2.73,Best Gas,"308 Whalley Ave, New Haven, CT"
2018-10-31,3.03,Mobil,"241 Kimberly Ave, New Haven, CT"
2018-10-31,2.87,Forbes Premium,"401 Forbes Ave, East Haven, CT"
2018-10-31,2.79,Exxon,"775 Whalley Ave, New Haven, CT"
2018-10-31,2.73,Irving,"801 Whalley Ave, New Haven, CT"
2018-10-31,2.89,Mobil,"385 Watertown Ave, Waterbury, CT"
2018-10-31,2.92,Shell,"618 W Main St , Waterbury, CT"
2018-10-31,2.99,Exxon,"474 Bank St, Waterbury, CT"
2018-10-31,2.75,Irving,"1404 E Main St, Waterbury, CT"
2018-10-31,2.75,Stop & Shop,"240 Chase Ave, Waterbury, CT"
2018-10-31,2.72,Valero,"467 Wolcott St, Waterbury, CT"
2018-10-31,2.72,CITGO,"1485 E Main St, Waterbury, CT"
2018-10-31,2.92,Cumberland Farms,"1359 THOMASTON AVE, Waterbury, CT"
2018-10-31,2.83,ATLAS Gas,"1726 Fairfield Ave, Bridgeport, CT"
2018-10-31,3.06,Cumberland Farms,"975 Kings Hwy E, Fairfield, CT"
2018-10-31,2.85,CITGO,"2505 North Ave, Bridgeport, CT"
2018-10-31,2.87,CITGO,"900 State St, Bridgeport, CT"
2018-10-31,2.89,Stop & Shop,"705 Villa Ave, Fairfield, CT"
2018-10-31,2.91,Star Fuels,"350 Jennings Rd, Fairfield, CT"
2018-10-31,2.89,Gulf,"927 Park Ave, Bridgeport, CT"
2018-10-31,2.99,Sunoco,"500 Grasmere Ave, Fairfield, CT"
2018-10-31,2.89,Shell,"915 North Ave, Bridgeport, CT"
2018-10-31,3.02,Cumberland Farms,"1101 Post Rd, Fairfield, CT"
2018-10-31,3.03,Mobil,"241 Kimberly Ave, New Haven, CT"
2018-10-31,2.73,Best Gas,"308 Whalley Ave, New Haven, CT"
2018-10-31,2.89,Gulf,"750 Orange Ave, West Haven, CT"
2018-10-31,2.87,Forbes Premium,"401 Forbes Ave, East Haven, CT"
2018-10-31,2.89,Gulf,"927 Park Ave, Bridgeport, CT"
2018-10-31,2.89,Shell,"915 North Ave, Bridgeport, CT"
2018-10-31,2.85,CITGO,"2505 North Ave, Bridgeport, CT"
2018-10-31,2.83,ATLAS Gas,"1726 Fairfield Ave, Bridgeport, CT"
2018-10-31,2.79,BP,"547 North Ave, Bridgeport, CT"
2018-10-31,2.99,Shell,"2613 Main St, Bridgeport, CT"
2018-10-31,2.89,Exxon,"565 Lindley St, Bridgeport, CT"
2018-10-31,2.89,Stop & Shop,"705 Villa Ave, Fairfield, CT"
2018-10-31,2.85,Mobil," 234 Washington St, Hartford, CT"
2018-10-31,2.85,CITGO,"182 Washington St, Hartford, CT"
2018-10-31,2.65,CITGO,"831 Maple Ave, Hartford, CT"
2018-10-31,2.65,Select,"161 Maple Ave, Hartford, CT"
2018-10-31,2.79,Shell,"335 Capitol Ave, Hartford, CT"
2018-10-31,2.65,City Gas,"10 White St, Hartford, CT"
2018-10-31,2.65,Ravi,"850 Maple Ave, Hartford, CT"
2018-10-31,2.99,Shell,"195 Prospect , Hartford, CT"
2018-10-31,3.05,Shell,"456 New Park Ave, West Hartford, CT"
2018-10-31,2.89,Gulf,"1127 Capitol Ave, Hartford, CT"
2018-10-31,2.73,Best Gas,"308 Whalley Ave, New Haven, CT"
2018-10-31,3.03,Mobil,"241 Kimberly Ave, New Haven, CT"
2018-10-31,2.87,Forbes Premium,"401 Forbes Ave, East Haven, CT"
2018-10-31,2.79,Sunoco,"1978 State St, Hamden, CT"
2018-10-31,2.79,Exxon,"775 Whalley Ave, New Haven, CT"
2018-10-31,2.99,Shell,"2613 Main St, Bridgeport, CT"
2018-10-31,2.89,Exxon,"565 Lindley St, Bridgeport, CT"
2018-10-31,2.92,Cumberland Farms,"2525 E Main St, Bridgeport, CT"
2018-10-31,2.79,BP,"547 North Ave, Bridgeport, CT"
2018-10-31,2.79,City Gas,"289 Huntington Tpke, Bridgeport, CT"
2018-10-31,2.89,Shell,"915 North Ave, Bridgeport, CT"
2018-10-31,2.85,Valero,"406 Huntington Tpke, Bridgeport, CT"
2018-11-02,3.09,Sunoco,"136 Myrtle Ave, Stamford, CT"
2018-11-02,3.05,Shell,"179 Shippan Ave , Stamford, CT"
2018-11-02,3.05,Mini Mart,"314 Cove Rd, Stamford, CT"
2018-11-02,3.09,Shell,"243 West Ave, Stamford, CT"
2018-11-02,2.87,Gulf ,"250 Hope St, Stamford, CT"
2018-11-02,3.05,Gulf,"1125 E Main St, Stamford, CT"
2018-11-02,3.15,CITGO,"16 Long Ridge Rd, Stamford, CT"
2018-11-02,2.86,CITGO,"493 Glenbrook Rd , Stamford, CT"
2018-11-02,3.16,Gulf,"527 Glenbrook Rd, Stamford, CT"
2018-11-02,2.79,BP,"547 North Ave, Bridgeport, CT"
2018-11-02,2.85,Speedway,"169 North Ave, Bridgeport, CT"
2018-11-02,2.89,Exxon,"565 Lindley St, Bridgeport, CT"
2018-11-02,2.79,Barnum Fuels,"1789 Barnum Ave, Bridgeport, CT"
2018-11-02,2.95,CITGO,"2394 E Main St, Bridgeport, CT"
2018-11-02,2.84,Massey,"40 Hollister Ave, Bridgeport, CT"
2018-11-02,2.92,Cumberland Farms,"2525 E Main St, Bridgeport, CT"
2018-11-02,2.83,BP,"265 Boston Ave, Stratford, CT"
2018-11-02,2.99,Mobil,"284 Whalley Ave, New Haven, CT"
2018-11-02,2.73,Best Gas,"308 Whalley Ave, New Haven, CT"
2018-11-02,3.03,Mobil,"241 Kimberly Ave, New Haven, CT"
2018-11-02,2.85,Forbes Premium,"401 Forbes Ave, East Haven, CT"
2018-11-02,2.75,Gulf,"158 Fitch St, New Haven, CT"
2018-11-02,2.79,Exxon,"775 Whalley Ave, New Haven, CT"
2018-11-02,2.73,Irving,"801 Whalley Ave, New Haven, CT"
2018-11-02,2.9,Shell,"618 W Main St , Waterbury, CT"
2018-11-02,2.83,Sunoco,"407 Watertown Ave, Waterbury, CT"
2018-11-02,2.89,Gulf,"21 Union St, Waterbury, CT"
2018-11-02,2.79,Mobil,"2073 N Main St , Waterbury, CT"
2018-11-02,2.75,Stop & Shop,"240 Chase Ave, Waterbury, CT"
2018-11-02,2.89,CITGO,"866 Highland Ave, Waterbury, CT"
2018-11-02,2.83,Ultra,"990 Huntingdon Ave, Waterbury, CT"
2018-11-02,2.89,Cumberland Farms,"1359 THOMASTON AVE, Waterbury, CT"
2018-11-02,2.79,Gulf,"21 Homer St, Waterbury, CT"
2018-11-02,3.05,Cumberland Farms,"975 Kings Hwy E, Fairfield, CT"
2018-11-02,2.85,CITGO,"2505 North Ave, Bridgeport, CT"
2018-11-02,2.89,Stop & Shop,"705 Villa Ave, Fairfield, CT"
2018-11-02,2.83,Star Fuels,"350 Jennings Rd, Fairfield, CT"
2018-11-02,2.99,Sunoco,"500 Grasmere Ave, Fairfield, CT"
2018-11-02,2.99,Mobil,"2120 Black Rock Tpke, Fairfield, CT"
2018-11-02,3.02,Cumberland Farms,"1101 Post Rd, Fairfield, CT"
2018-11-02,3.03,Mobil,"241 Kimberly Ave, New Haven, CT"
2018-11-02,2.99,Mobil,"284 Whalley Ave, New Haven, CT"
2018-11-02,2.73,Best Gas,"308 Whalley Ave, New Haven, CT"
2018-11-02,2.89,Shell,"658 Campbell Ave, West Haven, CT"
2018-11-02,2.89,Gulf,"750 Orange Ave, West Haven, CT"
2018-11-02,2.85,Forbes Premium,"401 Forbes Ave, East Haven, CT"
2018-11-02,2.93,Valero,"528 Main St, West Haven, CT"
2018-11-02,2.85,CITGO,"2505 North Ave, Bridgeport, CT"
2018-11-02,2.83,ATLAS Gas,"1726 Fairfield Ave, Bridgeport, CT"
2018-11-02,2.79,BP,"547 North Ave, Bridgeport, CT"
2018-11-02,2.89,Exxon,"565 Lindley St, Bridgeport, CT"
2018-11-02,2.89,Stop & Shop,"705 Villa Ave, Fairfield, CT"
2018-11-02,2.85,Speedway,"169 North Ave, Bridgeport, CT"
2018-11-02,2.79,DB Mart,"125 New Britain Ave, Hartford, CT"
2018-11-02,2.65,CITGO,"831 Maple Ave, Hartford, CT"
2018-11-02,2.89,CITGO,"106 Sisson Ave, Hartford, CT"
2018-11-02,2.65,City Gas,"10 White St, Hartford, CT"
2018-11-02,2.89,CITGO,"106 Sisson Ave, Hartford, CT"
2018-11-02,2.99,Shell,"195 Prospect , Hartford, CT"
2018-11-02,2.93,7-Eleven,"2120 Park St, Hartford, CT"
2018-11-02,2.99,Shell,"456 New Park Ave, West Hartford, CT"
2018-11-02,2.96,Cumberland Farms,"485 New Park , West Hartford, CT"
2018-11-02,3.08,Mobil,"519 Farmington Ave, Hartford, CT"
2018-11-02,2.99,Mobil,"284 Whalley Ave, New Haven, CT"
2018-11-02,2.73,Best Gas,"308 Whalley Ave, New Haven, CT"
2018-11-02,3.03,Mobil,"241 Kimberly Ave, New Haven, CT"
2018-11-02,2.85,Forbes Premium,"401 Forbes Ave, East Haven, CT"
2018-11-02,2.75,Gulf,"158 Fitch St, New Haven, CT"
2018-11-02,2.79,Exxon,"775 Whalley Ave, New Haven, CT"
2018-11-02,2.85,Speedway,"169 North Ave, Bridgeport, CT"
2018-11-02,2.89,Exxon,"565 Lindley St, Bridgeport, CT"
2018-11-02,2.79,BP,"547 North Ave, Bridgeport, CT"
2018-11-02,2.79,BP,"547 North Ave, Bridgeport, CT"
2018-11-02,2.95,CITGO,"2394 E Main St, Bridgeport, CT"
2018-11-02,2.79,City Gas,"289 Huntington Tpke, Bridgeport, CT"
2018-11-02,2.89,Xtra Fuels,"540 Boston Ave, Bridgeport, CT"
2018-11-02,2.85,Valero,"406 Huntington Tpke, Bridgeport, CT"
2018-11-02,2.93,BP,"3725 Madison Ave, Bridgeport, CT"
2018-11-03,3.09,Sunoco,"136 Myrtle Ave, Stamford, CT"
2018-11-03,2.88,CITGO,"355 W Main St, Stamford, CT"
2018-11-03,3.05,Shell,"179 Shippan Ave , Stamford, CT"
2018-11-03,3.05,Mini Mart,"314 Cove Rd, Stamford, CT"
2018-11-03,3.09,Shell,"243 West Ave, Stamford, CT"
2018-11-03,2.85,Gulf ,"250 Hope St, Stamford, CT"
2018-11-03,2.99,Gulf,"1125 E Main St, Stamford, CT"
2018-11-03,3.15,CITGO,"16 Long Ridge Rd, Stamford, CT"
2018-11-03,2.86,CITGO,"493 Glenbrook Rd , Stamford, CT"
2018-11-03,2.85,Speedway,"169 North Ave, Bridgeport, CT"
2018-11-03,2.75,BP,"547 North Ave, Bridgeport, CT"
2018-11-03,2.89,Shell,"915 North Ave, Bridgeport, CT"
2018-11-03,2.85,Exxon,"565 Lindley St, Bridgeport, CT"
2018-11-03,2.79,Barnum Fuels,"1789 Barnum Ave, Bridgeport, CT"
2018-11-03,2.95,CITGO,"2394 E Main St, Bridgeport, CT"
2018-11-03,2.99,Shell,"2613 Main St, Bridgeport, CT"
2018-11-03,2.84,Massey,"40 Hollister Ave, Bridgeport, CT"
2018-11-03,2.92,Cumberland Farms,"2525 E Main St, Bridgeport, CT"
2018-11-03,2.83,BP,"265 Boston Ave, Stratford, CT"
2018-11-03,2.99,Mobil,"284 Whalley Ave, New Haven, CT"
2018-11-03,2.73,Best Gas,"308 Whalley Ave, New Haven, CT"
2018-11-03,3.03,Mobil,"241 Kimberly Ave, New Haven, CT"
2018-11-03,2.85,Forbes Premium,"401 Forbes Ave, East Haven, CT"
2018-11-03,2.75,Gulf,"158 Fitch St, New Haven, CT"
2018-11-03,2.79,Exxon,"775 Whalley Ave, New Haven, CT"
2018-11-03,2.73,Irving,"801 Whalley Ave, New Haven, CT"
2018-11-03,2.79,Hess,"640 W Main St, Waterbury, CT"
2018-11-03,2.9,Shell,"618 W Main St , Waterbury, CT"
2018-11-03,2.69,Irving,"1404 E Main St, Waterbury, CT"
2018-11-03,2.75,Stop & Shop,"240 Chase Ave, Waterbury, CT"
2018-11-03,2.75,Stop & Shop,"240 Chase Ave, Waterbury, CT"
2018-11-03,2.89,CITGO,"866 Highland Ave, Waterbury, CT"
2018-11-03,2.83,Ultra,"990 Huntingdon Ave, Waterbury, CT"
2018-11-03,2.69,CITGO,"1485 E Main St, Waterbury, CT"
2018-11-03,2.89,Cumberland Farms,"1359 THOMASTON AVE, Waterbury, CT"
2018-11-03,2.79,Gulf,"21 Homer St, Waterbury, CT"
2018-11-03,2.85,CITGO,"2505 North Ave, Bridgeport, CT"
2018-11-03,3.05,Cumberland Farms,"975 Kings Hwy E, Fairfield, CT"
2018-11-03,2.89,Stop & Shop,"705 Villa Ave, Fairfield, CT"
2018-11-03,2.79,Star Fuels,"350 Jennings Rd, Fairfield, CT"
2018-11-03,2.99,Sunoco,"500 Grasmere Ave, Fairfield, CT"
2018-11-03,2.99,Mobil,"2120 Black Rock Tpke, Fairfield, CT"
2018-11-03,2.89,Shell,"915 North Ave, Bridgeport, CT"
2018-11-03,2.96,Cumberland Farms,"1101 Post Rd, Fairfield, CT"
2018-11-03,3.03,Mobil,"241 Kimberly Ave, New Haven, CT"
2018-11-03,2.99,Mobil,"284 Whalley Ave, New Haven, CT"
2018-11-03,2.73,Best Gas,"308 Whalley Ave, New Haven, CT"
2018-11-03,2.85,Forbes Premium,"401 Forbes Ave, East Haven, CT"
2018-11-03,2.89,Shell,"915 North Ave, Bridgeport, CT"
2018-11-03,2.85,CITGO,"2505 North Ave, Bridgeport, CT"
2018-11-03,2.83,ATLAS Gas,"1726 Fairfield Ave, Bridgeport, CT"
2018-11-03,2.75,BP,"547 North Ave, Bridgeport, CT"
2018-11-03,2.85,Exxon,"565 Lindley St, Bridgeport, CT"
2018-11-03,2.99,Shell,"2613 Main St, Bridgeport, CT"
2018-11-03,2.89,Stop & Shop,"705 Villa Ave, Fairfield, CT"
2018-11-03,2.85,Speedway,"169 North Ave, Bridgeport, CT"
2018-11-03,3.08,Shell,"1620 Park St, Hartford, CT"
2018-11-03,2.63,City Gas,"10 White St, Hartford, CT"
2018-11-03,2.63,Ravi,"850 Maple Ave, Hartford, CT"
2018-11-03,2.63,CITGO,"831 Maple Ave, Hartford, CT"
2018-11-03,2.79,Shell,"335 Capitol Ave, Hartford, CT"
2018-11-03,2.99,Shell,"195 Prospect , Hartford, CT"
2018-11-03,2.93,7-Eleven,"2120 Park St, Hartford, CT"
2018-11-03,2.79,Shell,"335 Capitol Ave, Hartford, CT"
2018-11-03,2.99,Shell,"456 New Park Ave, West Hartford, CT"
2018-11-03,2.96,Cumberland Farms,"485 New Park , West Hartford, CT"
2018-11-03,3.08,Mobil,"519 Farmington Ave, Hartford, CT"
2018-11-03,2.99,Mobil,"284 Whalley Ave, New Haven, CT"
2018-11-03,2.73,Best Gas,"308 Whalley Ave, New Haven, CT"
2018-11-03,3.03,Mobil,"241 Kimberly Ave, New Haven, CT"
2018-11-03,2.85,Forbes Premium,"401 Forbes Ave, East Haven, CT"
2018-11-03,2.75,Gulf,"158 Fitch St, New Haven, CT"
2018-11-03,2.79,Exxon,"775 Whalley Ave, New Haven, CT"
2018-11-03,2.73,Irving,"801 Whalley Ave, New Haven, CT"
2018-11-03,2.89,CITGO,"915 Reservoir Ave, Bridgeport, CT"
2018-11-03,2.93,Valero,"4031 Main St, Bridgeport, CT"
2018-11-03,2.99,Shell,"2613 Main St, Bridgeport, CT"
2018-11-03,2.95,Shell,"4402 Main St, Bridgeport, CT"
2018-11-03,2.85,Exxon,"565 Lindley St, Bridgeport, CT"
2018-11-03,2.92,Cumberland Farms,"2525 E Main St, Bridgeport, CT"
2018-11-03,2.92,Cumberland Farms,"2525 E Main St, Bridgeport, CT"
2018-11-03,2.95,CITGO,"2394 E Main St, Bridgeport, CT"
2018-11-03,2.89,Shell,"915 North Ave, Bridgeport, CT"
2018-11-03,2.85,Valero,"406 Huntington Tpke, Bridgeport, CT"
2018-11-04,3.09,Sunoco,"136 Myrtle Ave, Stamford, CT"
2018-11-04,3.05,Shell,"179 Shippan Ave , Stamford, CT"
2018-11-04,2.88,CITGO,"355 W Main St, Stamford, CT"
2018-11-04,3.05,Mini Mart,"314 Cove Rd, Stamford, CT"
2018-11-04,2.85,Gulf ,"250 Hope St, Stamford, CT"
2018-11-04,2.99,Gulf,"1125 E Main St, Stamford, CT"
2018-11-04,3.15,CITGO,"16 Long Ridge Rd, Stamford, CT"
2018-11-04,2.86,CITGO,"493 Glenbrook Rd , Stamford, CT"
2018-11-04,2.75,BP,"547 North Ave, Bridgeport, CT"
2018-11-04,2.85,Speedway,"169 North Ave, Bridgeport, CT"
2018-11-04,2.89,Shell,"915 North Ave, Bridgeport, CT"
2018-11-04,2.85,Exxon,"565 Lindley St, Bridgeport, CT"
2018-11-04,2.79,Barnum Fuels,"1789 Barnum Ave, Bridgeport, CT"
2018-11-04,2.99,Shell,"2613 Main St, Bridgeport, CT"
2018-11-04,2.95,CITGO,"2394 E Main St, Bridgeport, CT"
2018-11-04,2.84,Massey,"40 Hollister Ave, Bridgeport, CT"
2018-11-04,2.92,Cumberland Farms,"2525 E Main St, Bridgeport, CT"
2018-11-04,2.99,Mobil,"284 Whalley Ave, New Haven, CT"
2018-11-04,3.03,Mobil,"241 Kimberly Ave, New Haven, CT"
2018-11-04,2.85,Forbes Premium,"401 Forbes Ave, East Haven, CT"
2018-11-04,2.75,Gulf,"158 Fitch St, New Haven, CT"
2018-11-04,2.79,Exxon,"775 Whalley Ave, New Haven, CT"
2018-11-04,2.73,Irving,"801 Whalley Ave, New Haven, CT"
2018-11-04,2.79,Hess,"640 W Main St, Waterbury, CT"
2018-11-04,2.69,Irving,"1404 E Main St, Waterbury, CT"
2018-11-04,2.79,Mobil,"2073 N Main St , Waterbury, CT"
2018-11-04,2.75,Stop & Shop,"240 Chase Ave, Waterbury, CT"
2018-11-04,2.69,CITGO,"1485 E Main St, Waterbury, CT"
2018-11-04,2.83,ATLAS Gas,"1726 Fairfield Ave, Bridgeport, CT"
2018-11-04,2.99,Cumberland Farms,"975 Kings Hwy E, Fairfield, CT"
2018-11-04,2.89,Stop & Shop,"705 Villa Ave, Fairfield, CT"
2018-11-04,2.79,Star Fuels,"350 Jennings Rd, Fairfield, CT"
2018-11-04,2.99,Sunoco,"500 Grasmere Ave, Fairfield, CT"
2018-11-04,2.89,Shell,"915 North Ave, Bridgeport, CT"
2018-11-04,2.96,Cumberland Farms,"1101 Post Rd, Fairfield, CT"
2018-11-04,3.03,Mobil,"241 Kimberly Ave, New Haven, CT"
2018-11-04,2.99,Mobil,"284 Whalley Ave, New Haven, CT"
2018-11-04,2.85,Forbes Premium,"401 Forbes Ave, East Haven, CT"
2018-11-04,2.89,Shell,"915 North Ave, Bridgeport, CT"
2018-11-04,2.83,ATLAS Gas,"1726 Fairfield Ave, Bridgeport, CT"
2018-11-04,2.75,BP,"547 North Ave, Bridgeport, CT"
2018-11-04,2.99,Shell,"2613 Main St, Bridgeport, CT"
2018-11-04,2.85,Exxon,"565 Lindley St, Bridgeport, CT"
2018-11-04,2.89,Stop & Shop,"705 Villa Ave, Fairfield, CT"
2018-11-04,2.85,Speedway,"169 North Ave, Bridgeport, CT"
2018-11-04,3.08,Shell,"1620 Park St, Hartford, CT"
2018-11-04,2.63,CITGO,"831 Maple Ave, Hartford, CT"
2018-11-04,2.79,Shell,"335 Capitol Ave, Hartford, CT"
2018-11-04,2.89,CITGO,"106 Sisson Ave, Hartford, CT"
2018-11-04,2.63,City Gas,"10 White St, Hartford, CT"
2018-11-04,2.79,Shell,"335 Capitol Ave, Hartford, CT"
2018-11-04,2.96,Cumberland Farms,"485 New Park , West Hartford, CT"
2018-11-04,3.08,Mobil,"519 Farmington Ave, Hartford, CT"
2018-11-04,2.99,Mobil,"284 Whalley Ave, New Haven, CT"
2018-11-04,3.03,Mobil,"241 Kimberly Ave, New Haven, CT"
2018-11-04,2.85,Forbes Premium,"401 Forbes Ave, East Haven, CT"
2018-11-04,2.75,Gulf,"158 Fitch St, New Haven, CT"
2018-11-04,2.79,Exxon,"775 Whalley Ave, New Haven, CT"
2018-11-04,2.93,Valero,"4031 Main St, Bridgeport, CT"
2018-11-04,2.89,CITGO,"915 Reservoir Ave, Bridgeport, CT"
2018-11-04,2.99,Shell,"2613 Main St, Bridgeport, CT"
2018-11-04,2.95,Shell,"4402 Main St, Bridgeport, CT"
2018-11-04,2.85,Exxon,"565 Lindley St, Bridgeport, CT"
2018-11-04,2.85,Speedway,"169 North Ave, Bridgeport, CT"
2018-11-04,2.75,BP,"547 North Ave, Bridgeport, CT"
2018-11-04,2.92,Cumberland Farms,"2525 E Main St, Bridgeport, CT"
2018-11-04,2.95,CITGO,"2394 E Main St, Bridgeport, CT"
2018-11-04,2.79,City Gas,"289 Huntington Tpke, Bridgeport, CT"
2018-11-04,2.89,Shell,"915 North Ave, Bridgeport, CT"
2018-11-04,2.85,Valero,"406 Huntington Tpke, Bridgeport, CT"
2018-11-05,3.09,Sunoco,"136 Myrtle Ave, Stamford, CT"
2018-11-05,3.05,Shell,"179 Shippan Ave , Stamford, CT"
2018-11-05,3.05,Mini Mart,"314 Cove Rd, Stamford, CT"
2018-11-05,2.85,Gulf ,"250 Hope St, Stamford, CT"
2018-11-05,2.99,Gulf,"1125 E Main St, Stamford, CT"
2018-11-05,3.15,CITGO,"16 Long Ridge Rd, Stamford, CT"
2018-11-05,2.86,CITGO,"493 Glenbrook Rd , Stamford, CT"
2018-11-05,2.93,Mobil,"1360 Noble Ave, Bridgeport, CT"
2018-11-05,2.75,BP,"547 North Ave, Bridgeport, CT"
2018-11-05,2.89,Shell,"915 North Ave, Bridgeport, CT"
2018-11-05,2.83,Speedway,"169 North Ave, Bridgeport, CT"
2018-11-05,2.85,Exxon,"565 Lindley St, Bridgeport, CT"
2018-11-05,2.79,Barnum Fuels,"1789 Barnum Ave, Bridgeport, CT"
2018-11-05,2.95,CITGO,"2394 E Main St, Bridgeport, CT"
2018-11-05,2.99,Shell,"2613 Main St, Bridgeport, CT"
2018-11-05,2.92,Cumberland Farms,"2525 E Main St, Bridgeport, CT"
2018-11-05,2.84,Massey,"40 Hollister Ave, Bridgeport, CT"
2018-11-05,2.99,Mobil,"284 Whalley Ave, New Haven, CT"
2018-11-05,2.97,CITGO,"Kimberly Ave, New Haven, CT"
2018-11-05,2.97,Shell,"141 Willow St, New Haven, CT"
2018-11-05,2.89,Gulf,"260 Forbes Ave, New Haven, CT"
2018-11-05,2.85,Forbes Premium,"401 Forbes Ave, East Haven, CT"
2018-11-05,2.79,Exxon,"775 Whalley Ave, New Haven, CT"
2018-11-05,2.73,Irving,"801 Whalley Ave, New Haven, CT"
2018-11-05,2.79,Hess,"640 W Main St, Waterbury, CT"
2018-11-05,2.82,Shell,"618 W Main St , Waterbury, CT"
2018-11-05,2.69,Irving,"1404 E Main St, Waterbury, CT"
2018-11-05,2.79,Mobil,"2073 N Main St , Waterbury, CT"
2018-11-05,2.75,Stop & Shop,"240 Chase Ave, Waterbury, CT"
2018-11-05,2.79,Ultra,"990 Huntingdon Ave, Waterbury, CT"
2018-11-05,2.84,Cumberland Farms,"1359 THOMASTON AVE, Waterbury, CT"
2018-11-05,2.79,Gulf,"21 Homer St, Waterbury, CT"
2018-11-05,2.99,Cumberland Farms,"975 Kings Hwy E, Fairfield, CT"
2018-11-05,2.89,Stop & Shop,"705 Villa Ave, Fairfield, CT"
2018-11-05,2.79,Star Fuels,"350 Jennings Rd, Fairfield, CT"
2018-11-05,2.99,Sunoco,"500 Grasmere Ave, Fairfield, CT"
2018-11-05,2.89,Shell,"915 North Ave, Bridgeport, CT"
2018-11-05,2.96,Cumberland Farms,"1101 Post Rd, Fairfield, CT"
2018-11-05,2.79,Power Gas,"1 Whalley Ave, New Haven, CT"
2018-11-05,2.99,Mobil,"284 Whalley Ave, New Haven, CT"
2018-11-05,2.89,Gulf,"260 Forbes Ave, New Haven, CT"
2018-11-05,2.85,Forbes Premium,"401 Forbes Ave, East Haven, CT"
2018-11-05,2.97,Shell,"141 Willow St, New Haven, CT"
2018-11-05,2.89,Shell,"915 North Ave, Bridgeport, CT"
2018-11-05,2.75,BP,"547 North Ave, Bridgeport, CT"
2018-11-05,2.99,Shell,"2613 Main St, Bridgeport, CT"
2018-11-05,2.85,Exxon,"565 Lindley St, Bridgeport, CT"
2018-11-05,2.89,Stop & Shop,"705 Villa Ave, Fairfield, CT"
2018-11-05,2.83,Speedway,"169 North Ave, Bridgeport, CT"
2018-11-05,3.08,Shell,"1620 Park St, Hartford, CT"
2018-11-05,2.63,CITGO,"831 Maple Ave, Hartford, CT"
2018-11-05,2.79,Shell,"335 Capitol Ave, Hartford, CT"
2018-11-05,2.89,CITGO,"106 Sisson Ave, Hartford, CT"
2018-11-05,2.63,City Gas,"10 White St, Hartford, CT"
2018-11-05,2.63,Ravi,"850 Maple Ave, Hartford, CT"
2018-11-05,2.99,Shell,"456 New Park Ave, West Hartford, CT"
2018-11-05,2.96,Cumberland Farms,"485 New Park , West Hartford, CT"
2018-11-05,2.97,Shell,"141 Willow St, New Haven, CT"
2018-11-05,2.97,CITGO,"Kimberly Ave, New Haven, CT"
2018-11-05,2.99,Mobil,"284 Whalley Ave, New Haven, CT"
2018-11-05,2.89,Gulf,"260 Forbes Ave, New Haven, CT"
2018-11-05,2.85,Forbes Premium,"401 Forbes Ave, East Haven, CT"
2018-11-05,2.79,Exxon,"775 Whalley Ave, New Haven, CT"
2018-11-05,2.93,Valero,"4031 Main St, Bridgeport, CT"
2018-11-05,3.11,Valero,"4063 Main St, Bridgeport, CT"
2018-11-05,2.83,Speedway,"169 North Ave, Bridgeport, CT"
2018-11-05,2.89,CITGO,"3956 Main St, Bridgeport, CT"
2018-11-05,2.89,CITGO,"915 Reservoir Ave, Bridgeport, CT"
2018-11-05,2.99,Shell,"2613 Main St, Bridgeport, CT"
2018-11-05,2.95,Shell,"4402 Main St, Bridgeport, CT"
2018-11-05,2.85,Exxon,"565 Lindley St, Bridgeport, CT"
2018-11-05,2.75,BP,"547 North Ave, Bridgeport, CT"
2018-11-05,2.75,BP,"547 North Ave, Bridgeport, CT"
2018-11-05,2.93,Mobil,"1360 Noble Ave, Bridgeport, CT"
2018-11-05,2.95,CITGO,"2394 E Main St, Bridgeport, CT"
2018-11-05,2.79,City Gas,"289 Huntington Tpke, Bridgeport, CT"
2018-11-05,2.89,Shell,"915 North Ave, Bridgeport, CT"
2018-11-06,2.99,Global,"765 E Main St , Stamford, CT"
2018-11-06,2.99,Sunoco,"136 Myrtle Ave, Stamford, CT"
2018-11-06,3.05,Shell,"179 Shippan Ave , Stamford, CT"
2018-11-06,2.85,Gulf ,"250 Hope St, Stamford, CT"
2018-11-06,2.99,Gulf,"1125 E Main St, Stamford, CT"
2018-11-06,2.86,CITGO,"493 Glenbrook Rd , Stamford, CT"
2018-11-06,2.75,BP,"547 North Ave, Bridgeport, CT"
2018-11-06,2.89,Shell,"915 North Ave, Bridgeport, CT"
2018-11-06,2.83,Speedway,"169 North Ave, Bridgeport, CT"
2018-11-06,2.79,Barnum Fuels,"1789 Barnum Ave, Bridgeport, CT"
2018-11-06,2.99,Shell,"2613 Main St, Bridgeport, CT"
2018-11-06,2.95,CITGO,"2394 E Main St, Bridgeport, CT"
2018-11-06,2.92,Cumberland Farms,"2525 E Main St, Bridgeport, CT"
2018-11-06,3.03,Mobil,"1705 Park Ave, Bridgeport, CT"
2018-11-06,2.78,Massey,"40 Hollister Ave, Bridgeport, CT"
2018-11-06,2.83,BP,"265 Boston Ave, Stratford, CT"
2018-11-06,2.89,Power Gas,"49 Howe St, New Haven, CT"
2018-11-06,2.97,CITGO,"Kimberly Ave, New Haven, CT"
2018-11-06,2.79,Mobil,"284 Whalley Ave, New Haven, CT"
2018-11-06,2.97,Shell,"141 Willow St, New Haven, CT"
2018-11-06,2.89,Gulf,"260 Forbes Ave, New Haven, CT"
2018-11-06,2.85,Forbes Premium,"401 Forbes Ave, East Haven, CT"
2018-11-06,2.79,Exxon,"775 Whalley Ave, New Haven, CT"
2018-11-06,2.73,Irving,"801 Whalley Ave, New Haven, CT"
2018-11-06,2.82,Shell,"618 W Main St , Waterbury, CT"
2018-11-06,2.79,Sunoco,"407 Watertown Ave, Waterbury, CT"
2018-11-06,2.69,Irving,"1404 E Main St, Waterbury, CT"
2018-11-06,2.79,Mobil,"2073 N Main St , Waterbury, CT"
2018-11-06,2.75,Stop & Shop,"240 Chase Ave, Waterbury, CT"
2018-11-06,2.79,Ultra,"990 Huntingdon Ave, Waterbury, CT"
2018-11-06,2.82,Cumberland Farms,"1359 THOMASTON AVE, Waterbury, CT"
2018-11-06,2.79,Gulf,"21 Homer St, Waterbury, CT"
2018-11-06,2.99,Cumberland Farms,"975 Kings Hwy E, Fairfield, CT"
2018-11-06,2.88,Stop & Shop,"705 Villa Ave, Fairfield, CT"
2018-11-06,2.79,Star Fuels,"350 Jennings Rd, Fairfield, CT"
2018-11-06,3.03,Mobil,"1705 Park Ave, Bridgeport, CT"
2018-11-06,2.99,Sunoco,"500 Grasmere Ave, Fairfield, CT"
2018-11-06,2.89,Shell,"915 North Ave, Bridgeport, CT"
2018-11-06,2.95,Mobil,"2120 Black Rock Tpke, Fairfield, CT"
2018-11-06,2.89,Power Gas,"49 Howe St, New Haven, CT"
2018-11-06,2.79,Power Gas,"1 Whalley Ave, New Haven, CT"
2018-11-06,2.79,Mobil,"284 Whalley Ave, New Haven, CT"
2018-11-06,2.89,Gulf,"260 Forbes Ave, New Haven, CT"
2018-11-06,2.85,Forbes Premium,"401 Forbes Ave, East Haven, CT"
2018-11-06,2.97,Shell,"141 Willow St, New Haven, CT"
2018-11-06,3.03,Mobil,"1705 Park Ave, Bridgeport, CT"
2018-11-06,2.89,Shell,"915 North Ave, Bridgeport, CT"
2018-11-06,2.75,BP,"547 North Ave, Bridgeport, CT"
2018-11-06,2.99,Shell,"2613 Main St, Bridgeport, CT"
2018-11-06,2.88,Stop & Shop,"705 Villa Ave, Fairfield, CT"
2018-11-06,2.83,Speedway,"169 North Ave, Bridgeport, CT"
2018-11-06,2.83,CITGO,"182 Washington St, Hartford, CT"
2018-11-06,2.63,CITGO,"831 Maple Ave, Hartford, CT"
2018-11-06,2.89,CITGO,"106 Sisson Ave, Hartford, CT"
2018-11-06,2.79,Shell,"335 Capitol Ave, Hartford, CT"
2018-11-06,2.63,City Gas,"10 White St, Hartford, CT"
2018-11-06,2.63,Ravi,"850 Maple Ave, Hartford, CT"
2018-11-06,2.97,Shell,"195 Prospect , Hartford, CT"
2018-11-06,2.93,7-Eleven,"2120 Park St, Hartford, CT"
2018-11-06,2.99,Shell,"456 New Park Ave, West Hartford, CT"
2018-11-06,2.95,Mobil,"55 Kane St, West Hartford, CT"
2018-11-06,2.79,Gulf,"1127 Capitol Ave, Hartford, CT"
2018-11-06,2.89,Ravi,"472 Farmington Ave, Hartford, CT"
2018-11-06,2.96,Cumberland Farms,"485 New Park , West Hartford, CT"
2018-11-06,2.89,Power Gas,"49 Howe St, New Haven, CT"
2018-11-06,2.97,Shell,"141 Willow St, New Haven, CT"
2018-11-06,2.97,CITGO,"Kimberly Ave, New Haven, CT"
2018-11-06,2.79,Mobil,"284 Whalley Ave, New Haven, CT"
2018-11-06,2.89,Gulf,"260 Forbes Ave, New Haven, CT"
2018-11-06,2.85,Forbes Premium,"401 Forbes Ave, East Haven, CT"
2018-11-06,2.79,Exxon,"775 Whalley Ave, New Haven, CT"
2018-11-06,2.89,CITGO,"915 Reservoir Ave, Bridgeport, CT"
2018-11-06,2.95,Mobil,"3691 Main St, Bridgeport, CT"
2018-11-06,2.93,Valero,"4031 Main St, Bridgeport, CT"
2018-11-06,3.11,Valero,"4063 Main St, Bridgeport, CT"
2018-11-06,2.99,Shell,"2613 Main St, Bridgeport, CT"
2018-11-06,2.83,Speedway,"169 North Ave, Bridgeport, CT"
2018-11-06,2.95,Shell,"4402 Main St, Bridgeport, CT"
2018-11-06,2.92,Cumberland Farms,"2525 E Main St, Bridgeport, CT"
2018-11-06,2.75,BP,"547 North Ave, Bridgeport, CT"
2018-11-06,2.93,Mobil,"1360 Noble Ave, Bridgeport, CT"
2018-11-06,2.95,CITGO,"2394 E Main St, Bridgeport, CT"
2018-11-06,2.79,City Gas,"289 Huntington Tpke, Bridgeport, CT"
2018-11-06,2.89,Shell,"915 North Ave, Bridgeport, CT"
2018-11-08,2.89,Global,"765 E Main St , Stamford, CT"
2018-11-08,2.99,Sunoco,"136 Myrtle Ave, Stamford, CT"
2018-11-08,2.99,BP,"224 Magee Ave, Stamford, CT"
2018-11-08,2.99,Mini Mart,"314 Cove Rd, Stamford, CT"
2018-11-08,3.35,Shell,"2666 Summer St, Stamford, CT"
2018-11-08,2.99,Shell,"243 West Ave, Stamford, CT"
2018-11-08,2.99,Gulf,"West Ave, Stamford, CT"
2018-11-08,2.79,Gulf ,"250 Hope St, Stamford, CT"
2018-11-08,2.99,Gulf,"1125 E Main St, Stamford, CT"
2018-11-08,3.15,CITGO,"16 Long Ridge Rd, Stamford, CT"
2018-11-08,2.85,CITGO,"493 Glenbrook Rd , Stamford, CT"
2018-11-08,2.89,Sunoco,"1025 E Main St, Bridgeport, CT"
2018-11-08,2.89,TURIND,"624 E Main St, Bridgeport, CT"
2018-11-08,2.75,BP,"547 North Ave, Bridgeport, CT"
2018-11-08,2.89,Shell,"915 North Ave, Bridgeport, CT"
2018-11-08,2.89,Shell,"1917 Boston Ave, Bridgeport, CT"
2018-11-08,2.79,Barnum Fuels,"1789 Barnum Ave, Bridgeport, CT"
2018-11-08,2.89,Cumberland Farms,"2525 E Main St, Bridgeport, CT"
2018-11-08,2.78,Massey,"40 Hollister Ave, Bridgeport, CT"
2018-11-08,2.83,BP,"265 Boston Ave, Stratford, CT"
2018-11-08,3.09,Mobil,"284 Whalley Ave, New Haven, CT"
2018-11-08,2.73,Best Gas,"308 Whalley Ave, New Haven, CT"
2018-11-08,2.85,Forbes Premium,"401 Forbes Ave, East Haven, CT"
2018-11-08,2.75,Exxon,"775 Whalley Ave, New Haven, CT"
2018-11-08,2.73,Irving,"801 Whalley Ave, New Haven, CT"
2018-11-08,2.84,First Fuel,"810 1st Ave, West Haven, CT"
2018-11-08,2.82,Shell,"618 W Main St , Waterbury, CT"
2018-11-08,2.79,Sunoco,"1153 S Main St, Waterbury, CT"
2018-11-08,2.75,Stop & Shop,"240 Chase Ave, Waterbury, CT"
2018-11-08,2.82,Valero,"467 Wolcott St, Waterbury, CT"
2018-11-08,2.79,Ultra,"990 Huntingdon Ave, Waterbury, CT"
2018-11-08,2.81,Cumberland Farms,"1359 THOMASTON AVE, Waterbury, CT"
2018-11-08,2.79,Gulf,"21 Homer St, Waterbury, CT"
2018-11-08,2.95,Cumberland Farms,"975 Kings Hwy E, Fairfield, CT"
2018-11-08,2.85,CITGO,"2505 North Ave, Bridgeport, CT"
2018-11-08,2.88,Stop & Shop,"705 Villa Ave, Fairfield, CT"
2018-11-08,2.79,Star Fuels,"350 Jennings Rd, Fairfield, CT"
2018-11-08,2.99,Sunoco,"500 Grasmere Ave, Fairfield, CT"
2018-11-08,2.89,Shell,"915 North Ave, Bridgeport, CT"
2018-11-08,2.89,TURIND,"624 E Main St, Bridgeport, CT"
2018-11-08,2.95,Cumberland Farms,"1101 Post Rd, Fairfield, CT"
2018-11-08,2.84,First Fuel,"810 1st Ave, West Haven, CT"
2018-11-08,3.09,Mobil,"284 Whalley Ave, New Haven, CT"
2018-11-08,2.73,Best Gas,"308 Whalley Ave, New Haven, CT"
2018-11-08,2.85,Xpress Fuel,"345 Elm St, West Haven, CT"
2018-11-08,2.77,Sunoco,"435 Derby Ave, West Haven, CT"
2018-11-08,2.77,Mobil,"540 Derby Ave , West Haven, CT"
2018-11-08,2.85,Forbes Premium,"401 Forbes Ave, East Haven, CT"
2018-11-08,2.89,Shell,"915 North Ave, Bridgeport, CT"
2018-11-08,2.85,CITGO,"2505 North Ave, Bridgeport, CT"
2018-11-08,2.89,TURIND,"624 E Main St, Bridgeport, CT"
2018-11-08,2.75,BP,"547 North Ave, Bridgeport, CT"
2018-11-08,2.89,Sunoco,"1025 E Main St, Bridgeport, CT"
2018-11-08,2.88,Stop & Shop,"705 Villa Ave, Fairfield, CT"
2018-11-08,2.63,CITGO,"831 Maple Ave, Hartford, CT"
2018-11-08,2.83,CITGO,"182 Washington St, Hartford, CT"
2018-11-08,3.13,Shell,"1620 Park St, Hartford, CT"
2018-11-08,2.63,City Gas,"10 White St, Hartford, CT"
2018-11-08,2.63,Ravi,"850 Maple Ave, Hartford, CT"
2018-11-08,2.97,Shell,"195 Prospect , Hartford, CT"
2018-11-08,2.99,Shell,"456 New Park Ave, West Hartford, CT"
2018-11-08,2.96,Cumberland Farms,"485 New Park , West Hartford, CT"
2018-11-08,3.09,Mobil,"284 Whalley Ave, New Haven, CT"
2018-11-08,2.73,Best Gas,"308 Whalley Ave, New Haven, CT"
2018-11-08,2.85,Forbes Premium,"401 Forbes Ave, East Haven, CT"
2018-11-08,2.75,Exxon,"775 Whalley Ave, New Haven, CT"
2018-11-08,2.79,Sunoco,"1978 State St, Hamden, CT"
2018-11-08,2.84,First Fuel,"810 1st Ave, West Haven, CT"
2018-11-08,2.89,CITGO,"3956 Main St, Bridgeport, CT"
2018-11-08,2.95,Shell,"4402 Main St, Bridgeport, CT"
2018-11-08,2.89,Cumberland Farms,"2525 E Main St, Bridgeport, CT"
2018-11-08,2.89,Mobil,"1360 Noble Ave, Bridgeport, CT"
2018-11-08,2.75,BP,"547 North Ave, Bridgeport, CT"
2018-11-08,2.89,Shell,"915 North Ave, Bridgeport, CT"
2018-11-11,2.99,Sunoco,"136 Myrtle Ave, Stamford, CT"
2018-11-11,2.89,Global,"765 E Main St , Stamford, CT"
2018-11-11,2.99,BP,"224 Magee Ave, Stamford, CT"
2018-11-11,2.99,Mini Mart,"314 Cove Rd, Stamford, CT"
2018-11-11,3.29,CITGO,"780 Pacific St, Stamford, CT"
2018-11-11,2.99,Gulf,"1125 E Main St, Stamford, CT"
2018-11-11,2.77,Gulf ,"250 Hope St, Stamford, CT"
2018-11-11,2.95,Sunoco,"406 W Main St, Stamford, CT"
2018-11-11,2.77,CITGO,"493 Glenbrook Rd , Stamford, CT"
2018-11-11,3.35,Shell,"2666 Summer St, Stamford, CT"
2018-11-11,2.99,Shell,"243 West Ave, Stamford, CT"
2018-11-11,3.12,CITGO,"16 Long Ridge Rd, Stamford, CT"
2018-11-11,2.99,Gulf,"West Ave, Stamford, CT"
2018-11-11,2.85,Xtra Fuels,"540 Boston Ave, Bridgeport, CT"
2018-11-11,2.89,E & S  Gas,"425 Boston Ave, Bridgeport, CT"
2018-11-11,2.73,BP,"547 North Ave, Bridgeport, CT"
2018-11-11,2.89,Shell,"915 North Ave, Bridgeport, CT"
2018-11-11,2.79,Speedway,"169 North Ave, Bridgeport, CT"
2018-11-11,2.79,Exxon,"565 Lindley St, Bridgeport, CT"
2018-11-11,2.79,Barnum Fuels,"1789 Barnum Ave, Bridgeport, CT"
2018-11-11,2.91,CITGO,"2394 E Main St, Bridgeport, CT"
2018-11-11,2.87,Cumberland Farms,"2525 E Main St, Bridgeport, CT"
2018-11-11,2.97,Mobil,"1705 Park Ave, Bridgeport, CT"
2018-11-11,2.78,Massey,"40 Hollister Ave, Bridgeport, CT"
2018-11-11,2.83,BP,"265 Boston Ave, Stratford, CT"
2018-11-11,3.45,Mobil,"200 Sargent Dr, New Haven, CT"
2018-11-11,3.03,CITGO,"Kimberly Ave, New Haven, CT"
2018-11-11,2.99,Mobil,"284 Whalley Ave, New Haven, CT"
2018-11-11,2.73,Best Gas,"308 Whalley Ave, New Haven, CT"
2018-11-11,2.97,Mobil,"241 Kimberly Ave, New Haven, CT"
2018-11-11,2.83,Forbes Premium,"401 Forbes Ave, East Haven, CT"
2018-11-11,2.75,Exxon,"775 Whalley Ave, New Haven, CT"
2018-11-11,2.63,Irving,"801 Whalley Ave, New Haven, CT"
2018-11-11,2.84,First Fuel,"810 1st Ave, West Haven, CT"
2018-11-11,2.88,CITGO," 62 Elm St, West Haven, CT"
2018-11-11,2.77,Mobil,"385 Watertown Ave, Waterbury, CT"
2018-11-11,2.76,Shell,"618 W Main St , Waterbury, CT"
2018-11-11,2.77,Sunoco,"407 Watertown Ave, Waterbury, CT"
2018-11-11,2.69,Irving,"1404 E Main St, Waterbury, CT"
2018-11-11,2.79,Mobil,"2073 N Main St , Waterbury, CT"
2018-11-11,2.79,CITGO,"866 Highland Ave, Waterbury, CT"
2018-11-11,2.79,Ultra,"990 Huntingdon Ave, Waterbury, CT"
2018-11-11,2.69,CITGO,"1485 E Main St, Waterbury, CT"
2018-11-11,2.81,Cumberland Farms,"1359 THOMASTON AVE, Waterbury, CT"
2018-11-11,2.73,Gulf,"21 Homer St, Waterbury, CT"
2018-11-11,2.85,H & A Convenience,"2098 Fairfield Ave, Bridgeport, CT"
2018-11-11,2.95,Cumberland Farms,"975 Kings Hwy E, Fairfield, CT"
2018-11-11,2.85,ATLAS Gas,"1726 Fairfield Ave, Bridgeport, CT"
2018-11-11,2.83,CITGO,"2505 North Ave, Bridgeport, CT"
2018-11-11,2.88,Stop & Shop,"705 Villa Ave, Fairfield, CT"
2018-11-11,2.79,Star Fuels,"350 Jennings Rd, Fairfield, CT"
2018-11-11,2.97,Mobil,"1705 Park Ave, Bridgeport, CT"
2018-11-11,2.99,Sunoco,"500 Grasmere Ave, Fairfield, CT"
2018-11-11,2.89,Shell,"915 North Ave, Bridgeport, CT"
2018-11-11,2.89,Mobil,"2120 Black Rock Tpke, Fairfield, CT"
2018-11-11,2.95,Cumberland Farms,"1101 Post Rd, Fairfield, CT"
2018-11-11,2.97,Mobil,"241 Kimberly Ave, New Haven, CT"
2018-11-11,3.45,Mobil,"200 Sargent Dr, New Haven, CT"
2018-11-11,2.84,First Fuel,"810 1st Ave, West Haven, CT"
2018-11-11,2.88,CITGO," 62 Elm St, West Haven, CT"
2018-11-11,2.99,Mobil,"284 Whalley Ave, New Haven, CT"
2018-11-11,2.73,Best Gas,"308 Whalley Ave, New Haven, CT"
2018-11-11,2.95,Shell,"658 Campbell Ave, West Haven, CT"
2018-11-11,2.83,Green Fuel,"540 Boston Post Rd, West Haven, CT"
2018-11-11,2.77,Sunoco,"435 Derby Ave, West Haven, CT"
2018-11-11,2.89,Gulf,"750 Orange Ave, West Haven, CT"
2018-11-11,2.77,Mobil,"540 Derby Ave , West Haven, CT"
2018-11-11,2.83,Forbes Premium,"401 Forbes Ave, East Haven, CT"
2018-11-11,2.87,Valero,"528 Main St, West Haven, CT"
2018-11-11,2.97,Mobil,"1705 Park Ave, Bridgeport, CT"
2018-11-11,2.89,Shell,"915 North Ave, Bridgeport, CT"
2018-11-11,2.83,CITGO,"2505 North Ave, Bridgeport, CT"
2018-11-11,2.85,ATLAS Gas,"1726 Fairfield Ave, Bridgeport, CT"
2018-11-11,2.73,BP,"547 North Ave, Bridgeport, CT"
2018-11-11,2.79,Exxon,"565 Lindley St, Bridgeport, CT"
2018-11-11,2.88,Stop & Shop,"705 Villa Ave, Fairfield, CT"
2018-11-11,2.85,H & A Convenience,"2098 Fairfield Ave, Bridgeport, CT"
2018-11-11,2.79,Speedway,"169 North Ave, Bridgeport, CT"
2018-11-11,2.83,CITGO,"182 Washington St, Hartford, CT"
2018-11-11,2.59,CITGO,"831 Maple Ave, Hartford, CT"
2018-11-11,3.13,Shell,"1620 Park St, Hartford, CT"
2018-11-11,2.79,Shell,"335 Capitol Ave, Hartford, CT"
2018-11-11,2.59,City Gas,"10 White St, Hartford, CT"
2018-11-11,2.59,Ravi,"850 Maple Ave, Hartford, CT"
2018-11-11,3.03,Shell,"195 Prospect , Hartford, CT"
2018-11-11,2.93,7-Eleven,"2120 Park St, Hartford, CT"
2018-11-11,2.99,Shell,"456 New Park Ave, West Hartford, CT"
2018-11-11,2.96,Cumberland Farms,"485 New Park , West Hartford, CT"
2018-11-11,2.99,Mobil,"284 Whalley Ave, New Haven, CT"
2018-11-11,2.73,Best Gas,"308 Whalley Ave, New Haven, CT"
2018-11-11,3.45,Mobil,"200 Sargent Dr, New Haven, CT"
2018-11-11,3.03,CITGO,"Kimberly Ave, New Haven, CT"
2018-11-11,2.75,Exxon,"775 Whalley Ave, New Haven, CT"
2018-11-11,2.63,Irving,"801 Whalley Ave, New Haven, CT"
2018-11-11,2.72,Sunoco,"1978 State St, Hamden, CT"
2018-11-11,2.97,Mobil,"241 Kimberly Ave, New Haven, CT"
2018-11-11,2.83,Xpress Fuel,"1126 Dixwell Ave, Hamden, CT"
2018-11-11,2.95,Mobil,"3691 Main St, Bridgeport, CT"
2018-11-11,2.91,Valero,"4031 Main St, Bridgeport, CT"
2018-11-11,2.79,Speedway,"169 North Ave, Bridgeport, CT"
2018-11-11,2.79,Exxon,"565 Lindley St, Bridgeport, CT"
2018-11-11,2.87,Cumberland Farms,"2525 E Main St, Bridgeport, CT"
2018-11-11,2.73,BP,"547 North Ave, Bridgeport, CT"
2018-11-11,2.89,Mobil,"1360 Noble Ave, Bridgeport, CT"
2018-11-11,2.91,CITGO,"2394 E Main St, Bridgeport, CT"
2018-11-11,2.89,E & S  Gas,"425 Boston Ave, Bridgeport, CT"
2018-11-11,2.85,Xtra Fuels,"540 Boston Ave, Bridgeport, CT"
2018-11-11,2.89,Shell,"915 North Ave, Bridgeport, CT"
2018-11-12,2.89,Global,"765 E Main St , Stamford, CT"
2018-11-12,2.97,BP,"59 W Broad St, Stamford, CT"
2018-11-12,2.99,Sunoco,"136 Myrtle Ave, Stamford, CT"
2018-11-12,3.05,Shell,"179 Shippan Ave , Stamford, CT"
2018-11-12,2.95,Sunoco,"406 W Main St, Stamford, CT"
2018-11-12,2.99,Mini Mart,"314 Cove Rd, Stamford, CT"
2018-11-12,2.99,Mini Mart,"314 Cove Rd, Stamford, CT"
2018-11-12,2.99,Gulf,"West Ave, Stamford, CT"
2018-11-12,2.99,Shell,"243 West Ave, Stamford, CT"
2018-11-12,2.77,Gulf ,"250 Hope St, Stamford, CT"
2018-11-12,2.99,Gulf,"1125 E Main St, Stamford, CT"
2018-11-12,3.12,CITGO,"16 Long Ridge Rd, Stamford, CT"
2018-11-12,2.77,CITGO,"493 Glenbrook Rd , Stamford, CT"
2018-11-12,2.73,BP,"547 North Ave, Bridgeport, CT"
2018-11-12,2.85,Shell,"915 North Ave, Bridgeport, CT"
2018-11-12,2.75,TURIND,"624 E Main St, Bridgeport, CT"
2018-11-12,2.89,Mobil,"1360 Noble Ave, Bridgeport, CT"
2018-11-12,2.85,Xtra Fuels,"540 Boston Ave, Bridgeport, CT"
2018-11-12,2.89,E & S  Gas,"425 Boston Ave, Bridgeport, CT"
2018-11-12,2.79,Speedway,"169 North Ave, Bridgeport, CT"
2018-11-12,2.79,Exxon,"565 Lindley St, Bridgeport, CT"
2018-11-12,2.93,Shell,"1917 Boston Ave, Bridgeport, CT"
2018-11-12,2.79,Barnum Fuels,"1789 Barnum Ave, Bridgeport, CT"
2018-11-12,3.09,Shell,"2613 Main St, Bridgeport, CT"
2018-11-12,2.91,CITGO,"2394 E Main St, Bridgeport, CT"
2018-11-12,2.87,Cumberland Farms,"2525 E Main St, Bridgeport, CT"
2018-11-12,2.97,Mobil,"1705 Park Ave, Bridgeport, CT"
2018-11-12,2.79,CITGO,"605 Success Ave, Stratford, CT"
2018-11-12,2.78,Massey,"40 Hollister Ave, Bridgeport, CT"
2018-11-12,2.83,BP,"265 Boston Ave, Stratford, CT"
2018-11-12,2.93,Power Gas,"884 State St, New Haven, CT"
2018-11-12,3.45,Mobil,"200 Sargent Dr, New Haven, CT"
2018-11-12,2.97,CITGO,"Kimberly Ave, New Haven, CT"
2018-11-12,2.99,Mobil,"284 Whalley Ave, New Haven, CT"
2018-11-12,2.97,Mobil,"241 Kimberly Ave, New Haven, CT"
2018-11-12,2.97,Mobil,"241 Kimberly Ave, New Haven, CT"
2018-11-12,2.83,Forbes Premium,"401 Forbes Ave, East Haven, CT"
2018-11-12,2.63,Irving,"801 Whalley Ave, New Haven, CT"
2018-11-12,2.69,Exxon,"775 Whalley Ave, New Haven, CT"
2018-11-12,2.84,First Fuel,"810 1st Ave, West Haven, CT"
2018-11-12,2.88,CITGO," 62 Elm St, West Haven, CT"
2018-11-12,2.76,Shell,"618 W Main St , Waterbury, CT"
2018-11-12,2.95,Exxon,"474 Bank St, Waterbury, CT"
2018-11-12,2.69,Irving,"1404 E Main St, Waterbury, CT"
2018-11-12,2.75,Stop & Shop,"240 Chase Ave, Waterbury, CT"
2018-11-12,2.73,Mobil,"2073 N Main St , Waterbury, CT"
2018-11-12,2.69,CITGO,"1485 E Main St, Waterbury, CT"
2018-11-12,2.81,Cumberland Farms,"1359 THOMASTON AVE, Waterbury, CT"
2018-11-12,2.75,Ultra,"990 Huntingdon Ave, Waterbury, CT"
2018-11-12,2.73,Gulf,"21 Homer St, Waterbury, CT"
2018-11-12,2.95,Cumberland Farms,"975 Kings Hwy E, Fairfield, CT"
2018-11-12,2.81,ATLAS Gas,"1726 Fairfield Ave, Bridgeport, CT"
2018-11-12,2.83,CITGO,"2505 North Ave, Bridgeport, CT"
2018-11-12,2.89,H & A Convenience,"2098 Fairfield Ave, Bridgeport, CT"
2018-11-12,2.86,Stop & Shop,"705 Villa Ave, Fairfield, CT"
2018-11-12,2.79,Star Fuels,"350 Jennings Rd, Fairfield, CT"
2018-11-12,2.97,Mobil,"1705 Park Ave, Bridgeport, CT"
2018-11-12,2.99,Sunoco,"500 Grasmere Ave, Fairfield, CT"
2018-11-12,2.85,Shell,"915 North Ave, Bridgeport, CT"
2018-11-12,2.89,Mobil,"2120 Black Rock Tpke, Fairfield, CT"
2018-11-12,2.75,TURIND,"624 E Main St, Bridgeport, CT"
2018-11-12,2.95,Cumberland Farms,"1101 Post Rd, Fairfield, CT"
2018-11-12,2.99,Mobil,"165 Round Hill Rd, Fairfield, CT"
2018-11-12,2.97,Mobil,"241 Kimberly Ave, New Haven, CT"
2018-11-12,3.45,Mobil,"200 Sargent Dr, New Haven, CT"
2018-11-12,2.84,First Fuel,"810 1st Ave, West Haven, CT"
2018-11-12,2.79,Power Gas,"1 Whalley Ave, New Haven, CT"
2018-11-12,2.88,CITGO," 62 Elm St, West Haven, CT"
2018-11-12,2.99,Mobil,"284 Whalley Ave, New Haven, CT"
2018-11-12,2.95,Shell,"658 Campbell Ave, West Haven, CT"
2018-11-12,2.93,Power Gas,"884 State St, New Haven, CT"
2018-11-12,2.77,Sunoco,"435 Derby Ave, West Haven, CT"
2018-11-12,2.77,Mobil,"540 Derby Ave , West Haven, CT"
2018-11-12,2.83,Forbes Premium,"401 Forbes Ave, East Haven, CT"
2018-11-12,2.87,Valero,"528 Main St, West Haven, CT"
2018-11-12,2.97,Mobil,"1705 Park Ave, Bridgeport, CT"
2018-11-12,2.85,Shell,"915 North Ave, Bridgeport, CT"
2018-11-12,2.83,CITGO,"2505 North Ave, Bridgeport, CT"
2018-11-12,2.75,TURIND,"624 E Main St, Bridgeport, CT"
2018-11-12,2.81,ATLAS Gas,"1726 Fairfield Ave, Bridgeport, CT"
2018-11-12,2.73,BP,"547 North Ave, Bridgeport, CT"
2018-11-12,2.89,Sunoco,"1025 E Main St, Bridgeport, CT"
2018-11-12,2.79,Exxon,"565 Lindley St, Bridgeport, CT"
2018-11-12,3.09,Shell,"2613 Main St, Bridgeport, CT"
2018-11-12,2.79,Speedway,"169 North Ave, Bridgeport, CT"
2018-11-12,2.86,Stop & Shop,"705 Villa Ave, Fairfield, CT"
2018-11-12,2.89,H & A Convenience,"2098 Fairfield Ave, Bridgeport, CT"
2018-11-12,2.59,CITGO,"831 Maple Ave, Hartford, CT"
2018-11-12,2.79,Shell,"335 Capitol Ave, Hartford, CT"
2018-11-12,3.13,Shell,"1620 Park St, Hartford, CT"
2018-11-12,2.83,CITGO,"182 Washington St, Hartford, CT"
2018-11-12,2.59,City Gas,"10 White St, Hartford, CT"
2018-11-12,2.79,Shell,"335 Capitol Ave, Hartford, CT"
2018-11-12,2.93,7-Eleven,"2120 Park St, Hartford, CT"
2018-11-12,2.99,Shell,"456 New Park Ave, West Hartford, CT"
2018-11-12,2.96,Cumberland Farms,"485 New Park , West Hartford, CT"
2018-11-12,2.89,Ravi,"472 Farmington Ave, Hartford, CT"
2018-11-12,3.08,Mobil,"519 Farmington Ave, Hartford, CT"
2018-11-12,2.93,Power Gas,"884 State St, New Haven, CT"
2018-11-12,3.45,Mobil,"200 Sargent Dr, New Haven, CT"
2018-11-12,2.97,CITGO,"Kimberly Ave, New Haven, CT"
2018-11-12,2.99,Mobil,"284 Whalley Ave, New Haven, CT"
2018-11-12,2.97,Mobil,"241 Kimberly Ave, New Haven, CT"
2018-11-12,2.83,Forbes Premium,"401 Forbes Ave, East Haven, CT"
2018-11-12,2.88,CITGO," 62 Elm St, West Haven, CT"
2018-11-12,2.69,Exxon,"775 Whalley Ave, New Haven, CT"
2018-11-12,2.63,Irving,"801 Whalley Ave, New Haven, CT"
2018-11-12,2.91,Valero,"4031 Main St, Bridgeport, CT"
2018-11-12,3.09,Shell,"2613 Main St, Bridgeport, CT"
2018-11-12,2.87,CITGO,"3956 Main St, Bridgeport, CT"
2018-11-12,2.79,Exxon,"565 Lindley St, Bridgeport, CT"
2018-11-12,2.79,Speedway,"169 North Ave, Bridgeport, CT"
2018-11-12,2.87,Cumberland Farms,"2525 E Main St, Bridgeport, CT"
2018-11-12,2.89,Mobil,"1360 Noble Ave, Bridgeport, CT"
2018-11-12,2.89,E & S  Gas,"425 Boston Ave, Bridgeport, CT"
2018-11-12,2.91,CITGO,"2394 E Main St, Bridgeport, CT"
2018-11-12,2.85,Xtra Fuels,"540 Boston Ave, Bridgeport, CT"
2018-11-12,2.85,Shell,"915 North Ave, Bridgeport, CT"
2018-11-13,2.89,Global,"765 E Main St , Stamford, CT"
2018-11-13,2.99,Sunoco,"136 Myrtle Ave, Stamford, CT"
2018-11-13,2.99,Shell,"179 Shippan Ave , Stamford, CT"
2018-11-13,2.97,BP,"59 W Broad St, Stamford, CT"
2018-11-13,2.93,Mini Mart,"314 Cove Rd, Stamford, CT"
2018-11-13,2.99,Shell,"243 West Ave, Stamford, CT"
2018-11-13,2.77,Gulf ,"250 Hope St, Stamford, CT"
2018-11-13,2.95,Gulf,"1125 E Main St, Stamford, CT"
2018-11-13,3.12,CITGO,"16 Long Ridge Rd, Stamford, CT"
2018-11-13,2.77,CITGO,"493 Glenbrook Rd , Stamford, CT"
2018-11-13,2.85,Xtra Fuels,"540 Boston Ave, Bridgeport, CT"
2018-11-13,2.75,TURIND,"624 E Main St, Bridgeport, CT"
2018-11-13,2.89,E & S  Gas,"425 Boston Ave, Bridgeport, CT"
2018-11-13,2.89,Sunoco,"1025 E Main St, Bridgeport, CT"
2018-11-13,2.73,BP,"547 North Ave, Bridgeport, CT"
2018-11-13,2.85,Shell,"915 North Ave, Bridgeport, CT"
2018-11-13,2.79,Speedway,"169 North Ave, Bridgeport, CT"
2018-11-13,2.79,Exxon,"565 Lindley St, Bridgeport, CT"
2018-11-13,2.93,Shell,"1917 Boston Ave, Bridgeport, CT"
2018-11-13,2.79,Barnum Fuels,"1789 Barnum Ave, Bridgeport, CT"
2018-11-13,3.09,Shell,"2613 Main St, Bridgeport, CT"
2018-11-13,2.87,Cumberland Farms,"2525 E Main St, Bridgeport, CT"
2018-11-13,2.97,Mobil,"1705 Park Ave, Bridgeport, CT"
2018-11-13,2.78,Massey,"40 Hollister Ave, Bridgeport, CT"
2018-11-13,2.79,CITGO,"605 Success Ave, Stratford, CT"
2018-11-13,2.83,BP,"265 Boston Ave, Stratford, CT"
2018-11-13,2.93,Power Gas,"884 State St, New Haven, CT"
2018-11-13,2.79,Stop & Shop,"150 Whalley Ave, New Haven, CT"
2018-11-13,3.45,Mobil,"200 Sargent Dr, New Haven, CT"
2018-11-13,2.97,CITGO,"Kimberly Ave, New Haven, CT"
2018-11-13,2.99,Mobil,"284 Whalley Ave, New Haven, CT"
2018-11-13,2.97,Mobil,"241 Kimberly Ave, New Haven, CT"
2018-11-13,2.92,CITGO,"61 Chapel St, New Haven, CT"
2018-11-13,2.89,Mobil,"1331 State  St, New Haven, CT"
2018-11-13,2.83,Forbes Premium,"401 Forbes Ave, East Haven, CT"
2018-11-13,2.69,Exxon,"775 Whalley Ave, New Haven, CT"
2018-11-13,2.63,Irving,"801 Whalley Ave, New Haven, CT"
2018-11-13,2.84,First Fuel,"810 1st Ave, West Haven, CT"
2018-11-13,2.88,CITGO," 62 Elm St, West Haven, CT"
2018-11-13,3.09,Shell,"1183 Townsend Ave, New Haven, CT"
2018-11-13,2.76,Shell,"618 W Main St , Waterbury, CT"
2018-11-13,2.95,Exxon,"474 Bank St, Waterbury, CT"
2018-11-13,2.69,Irving,"1404 E Main St, Waterbury, CT"
2018-11-13,2.73,Mobil,"2073 N Main St , Waterbury, CT"
2018-11-13,2.75,Stop & Shop,"240 Chase Ave, Waterbury, CT"
2018-11-13,2.75,Ultra,"990 Huntingdon Ave, Waterbury, CT"
2018-11-13,2.81,Cumberland Farms,"1359 THOMASTON AVE, Waterbury, CT"
2018-11-13,2.73,Gulf,"21 Homer St, Waterbury, CT"
2018-11-13,2.89,H & A Convenience,"2098 Fairfield Ave, Bridgeport, CT"
2018-11-13,2.95,Cumberland Farms,"975 Kings Hwy E, Fairfield, CT"
2018-11-13,2.81,ATLAS Gas,"1726 Fairfield Ave, Bridgeport, CT"
2018-11-13,2.83,BP,"1464 Fairfield Ave, Bridgeport, CT"
2018-11-13,2.83,CITGO,"2505 North Ave, Bridgeport, CT"
2018-11-13,2.86,Stop & Shop,"705 Villa Ave, Fairfield, CT"
2018-11-13,2.79,Star Fuels,"350 Jennings Rd, Fairfield, CT"
2018-11-13,2.97,Mobil,"1705 Park Ave, Bridgeport, CT"
2018-11-13,2.99,Sunoco,"500 Grasmere Ave, Fairfield, CT"
2018-11-13,2.85,Shell,"915 North Ave, Bridgeport, CT"
2018-11-13,2.75,TURIND,"624 E Main St, Bridgeport, CT"
2018-11-13,2.95,Cumberland Farms,"1101 Post Rd, Fairfield, CT"
2018-11-13,2.97,Mobil,"241 Kimberly Ave, New Haven, CT"
2018-11-13,3.45,Mobil,"200 Sargent Dr, New Haven, CT"
2018-11-13,2.79,Power Gas,"1 Whalley Ave, New Haven, CT"
2018-11-13,2.84,First Fuel,"810 1st Ave, West Haven, CT"
2018-11-13,2.88,CITGO," 62 Elm St, West Haven, CT"
2018-11-13,2.79,Stop & Shop,"150 Whalley Ave, New Haven, CT"
2018-11-13,2.99,Mobil,"284 Whalley Ave, New Haven, CT"
2018-11-13,2.95,Shell,"658 Campbell Ave, West Haven, CT"
2018-11-13,2.93,Power Gas,"884 State St, New Haven, CT"
2018-11-13,2.83,Green Fuel,"540 Boston Post Rd, West Haven, CT"
2018-11-13,2.77,Sunoco,"435 Derby Ave, West Haven, CT"
2018-11-13,2.89,Gulf,"750 Orange Ave, West Haven, CT"
2018-11-13,2.77,Mobil,"540 Derby Ave , West Haven, CT"
2018-11-13,2.83,Forbes Premium,"401 Forbes Ave, East Haven, CT"
2018-11-13,2.93,Valero,"528 Main St, West Haven, CT"
2018-11-13,2.97,Mobil,"1705 Park Ave, Bridgeport, CT"
2018-11-13,2.85,Gulf,"1267 Fairfield Ave, Bridgeport, CT"
2018-11-13,2.85,Shell,"915 North Ave, Bridgeport, CT"
2018-11-13,2.83,BP,"1464 Fairfield Ave, Bridgeport, CT"
2018-11-13,2.83,CITGO,"2505 North Ave, Bridgeport, CT"
2018-11-13,2.75,TURIND,"624 E Main St, Bridgeport, CT"
2018-11-13,2.81,ATLAS Gas,"1726 Fairfield Ave, Bridgeport, CT"
2018-11-13,2.73,BP,"547 North Ave, Bridgeport, CT"
2018-11-13,3.09,Shell,"2613 Main St, Bridgeport, CT"
2018-11-13,2.89,Sunoco,"1025 E Main St, Bridgeport, CT"
2018-11-13,2.79,Exxon,"565 Lindley St, Bridgeport, CT"
2018-11-13,2.86,Stop & Shop,"705 Villa Ave, Fairfield, CT"
2018-11-13,2.89,H & A Convenience,"2098 Fairfield Ave, Bridgeport, CT"
2018-11-13,2.79,Speedway,"169 North Ave, Bridgeport, CT"
2018-11-13,2.83,CITGO,"182 Washington St, Hartford, CT"
2018-11-13,2.59,CITGO,"831 Maple Ave, Hartford, CT"
2018-11-13,2.59,City Gas,"10 White St, Hartford, CT"
2018-11-13,2.59,Ravi,"850 Maple Ave, Hartford, CT"
2018-11-13,2.99,Shell,"456 New Park Ave, West Hartford, CT"
2018-11-13,2.79,Gulf,"1127 Capitol Ave, Hartford, CT"
2018-11-13,2.89,Ravi,"472 Farmington Ave, Hartford, CT"
2018-11-13,3.08,Mobil,"519 Farmington Ave, Hartford, CT"
2018-11-13,2.93,Power Gas,"884 State St, New Haven, CT"
2018-11-13,3.45,Mobil,"200 Sargent Dr, New Haven, CT"
2018-11-13,2.79,Stop & Shop,"150 Whalley Ave, New Haven, CT"
2018-11-13,2.97,CITGO,"Kimberly Ave, New Haven, CT"
2018-11-13,2.99,Mobil,"284 Whalley Ave, New Haven, CT"
2018-11-13,2.92,CITGO,"61 Chapel St, New Haven, CT"
2018-11-13,2.89,Mobil,"1331 State  St, New Haven, CT"
2018-11-13,2.97,Mobil,"241 Kimberly Ave, New Haven, CT"
2018-11-13,2.83,Forbes Premium,"401 Forbes Ave, East Haven, CT"
2018-11-13,3.09,Shell,"1183 Townsend Ave, New Haven, CT"
2018-11-13,2.88,CITGO," 62 Elm St, West Haven, CT"
2018-11-13,2.69,Exxon,"775 Whalley Ave, New Haven, CT"
2018-11-13,2.7,Sunoco,"1978 State St, Hamden, CT"
2018-11-13,2.84,First Fuel,"810 1st Ave, West Haven, CT"
2018-11-13,2.89,CITGO,"915 Reservoir Ave, Bridgeport, CT"
2018-11-13,3.01,Mobil,"3691 Main St, Bridgeport, CT"
2018-11-13,3.09,Shell,"2613 Main St, Bridgeport, CT"
2018-11-13,2.79,Speedway,"169 North Ave, Bridgeport, CT"
2018-11-13,2.79,Exxon,"565 Lindley St, Bridgeport, CT"
2018-11-13,2.87,Cumberland Farms,"2525 E Main St, Bridgeport, CT"
2018-11-13,2.73,BP,"547 North Ave, Bridgeport, CT"
2018-11-13,2.89,Mobil,"1360 Noble Ave, Bridgeport, CT"
2018-11-13,2.89,E & S  Gas,"425 Boston Ave, Bridgeport, CT"
2018-11-13,2.85,Xtra Fuels,"540 Boston Ave, Bridgeport, CT"
2018-11-13,2.85,Shell,"915 North Ave, Bridgeport, CT"
2018-11-14,2.89,Global,"765 E Main St , Stamford, CT"
2018-11-14,2.97,BP,"59 W Broad St, Stamford, CT"
2018-11-14,2.99,Sunoco,"136 Myrtle Ave, Stamford, CT"
2018-11-14,3.01,Sunoco,"406 W Main St, Stamford, CT"
2018-11-14,2.99,BP,"224 Magee Ave, Stamford, CT"
2018-11-14,2.93,Mini Mart,"314 Cove Rd, Stamford, CT"
2018-11-14,2.99,Shell,"243 West Ave, Stamford, CT"
2018-11-14,2.77,Gulf ,"250 Hope St, Stamford, CT"
2018-11-14,2.95,Gulf,"1125 E Main St, Stamford, CT"
2018-11-14,2.77,CITGO,"493 Glenbrook Rd , Stamford, CT"
2018-11-14,2.75,TURIND,"624 E Main St, Bridgeport, CT"
2018-11-14,2.69,BP,"547 North Ave, Bridgeport, CT"
2018-11-14,2.79,Shell,"915 North Ave, Bridgeport, CT"
2018-11-14,2.79,Speedway,"169 North Ave, Bridgeport, CT"
2018-11-14,2.89,Shell,"1917 Boston Ave, Bridgeport, CT"
2018-11-14,2.79,Barnum Fuels,"1789 Barnum Ave, Bridgeport, CT"
2018-11-14,2.68,Massey,"40 Hollister Ave, Bridgeport, CT"
2018-11-14,2.87,Cumberland Farms,"2525 E Main St, Bridgeport, CT"
2018-11-14,3.07,Mobil,"1705 Park Ave, Bridgeport, CT"
2018-11-14,2.83,BP,"265 Boston Ave, Stratford, CT"
2018-11-14,2.79,CITGO,"605 Success Ave, Stratford, CT"
2018-11-14,3.45,Mobil,"200 Sargent Dr, New Haven, CT"
2018-11-14,3.09,Mobil,"284 Whalley Ave, New Haven, CT"
2018-11-14,2.97,Mobil,"241 Kimberly Ave, New Haven, CT"
2018-11-14,2.92,CITGO,"61 Chapel St, New Haven, CT"
2018-11-14,2.89,Mobil,"1331 State  St, New Haven, CT"
2018-11-14,2.83,Forbes Premium,"401 Forbes Ave, East Haven, CT"
2018-11-14,2.63,Irving,"801 Whalley Ave, New Haven, CT"
2018-11-14,2.84,First Fuel,"810 1st Ave, West Haven, CT"
2018-11-14,2.88,CITGO," 62 Elm St, West Haven, CT"
2018-11-14,3.09,Shell,"1183 Townsend Ave, New Haven, CT"
2018-11-14,2.76,Shell,"618 W Main St , Waterbury, CT"
2018-11-14,2.79,Mobil,"2073 N Main St , Waterbury, CT"
2018-11-14,2.71,Stop & Shop,"240 Chase Ave, Waterbury, CT"
2018-11-14,2.75,Ultra,"990 Huntingdon Ave, Waterbury, CT"
2018-11-14,2.81,Cumberland Farms,"1359 THOMASTON AVE, Waterbury, CT"
2018-11-14,2.93,Cumberland Farms,"975 Kings Hwy E, Fairfield, CT"
2018-11-14,2.86,Stop & Shop,"705 Villa Ave, Fairfield, CT"
2018-11-14,2.79,Star Fuels,"350 Jennings Rd, Fairfield, CT"
2018-11-14,3.07,Mobil,"1705 Park Ave, Bridgeport, CT"
2018-11-14,2.99,Sunoco,"500 Grasmere Ave, Fairfield, CT"
2018-11-14,2.79,Shell,"915 North Ave, Bridgeport, CT"
2018-11-14,2.75,TURIND,"624 E Main St, Bridgeport, CT"
2018-11-14,2.95,Cumberland Farms,"1101 Post Rd, Fairfield, CT"
2018-11-14,2.97,Mobil,"241 Kimberly Ave, New Haven, CT"
2018-11-14,3.45,Mobil,"200 Sargent Dr, New Haven, CT"
2018-11-14,2.76,Power Gas,"49 Howe St, New Haven, CT"
2018-11-14,2.84,First Fuel,"810 1st Ave, West Haven, CT"
2018-11-14,2.88,CITGO," 62 Elm St, West Haven, CT"
2018-11-14,3.09,Mobil,"284 Whalley Ave, New Haven, CT"
2018-11-14,2.85,Shell,"658 Campbell Ave, West Haven, CT"
2018-11-14,2.83,Green Fuel,"540 Boston Post Rd, West Haven, CT"
2018-11-14,2.73,Sunoco,"435 Derby Ave, West Haven, CT"
2018-11-14,2.89,Gulf,"750 Orange Ave, West Haven, CT"
2018-11-14,2.77,Mobil,"540 Derby Ave , West Haven, CT"
2018-11-14,2.83,Forbes Premium,"401 Forbes Ave, East Haven, CT"
2018-11-14,2.93,Valero,"528 Main St, West Haven, CT"
2018-11-14,3.07,Mobil,"1705 Park Ave, Bridgeport, CT"
2018-11-14,2.79,Shell,"915 North Ave, Bridgeport, CT"
2018-11-14,2.75,TURIND,"624 E Main St, Bridgeport, CT"
2018-11-14,2.69,BP,"547 North Ave, Bridgeport, CT"
2018-11-14,2.86,Stop & Shop,"705 Villa Ave, Fairfield, CT"
2018-11-14,2.79,Speedway,"169 North Ave, Bridgeport, CT"
2018-11-14,2.59,CITGO,"831 Maple Ave, Hartford, CT"
2018-11-14,3.13,Shell,"1620 Park St, Hartford, CT"
2018-11-14,2.79,Shell,"335 Capitol Ave, Hartford, CT"
2018-11-14,2.59,City Gas,"10 White St, Hartford, CT"
2018-11-14,2.79,Shell,"335 Capitol Ave, Hartford, CT"
2018-11-14,2.97,Shell,"195 Prospect , Hartford, CT"
2018-11-14,2.59,Valero,"923 Maple Ave, Hartford, CT"
2018-11-14,2.94,7-Eleven,"2120 Park St, Hartford, CT"
2018-11-14,2.93,Mobil,"55 Kane St, West Hartford, CT"
2018-11-14,2.99,Shell,"456 New Park Ave, West Hartford, CT"
2018-11-14,2.79,Gulf,"1127 Capitol Ave, Hartford, CT"
2018-11-14,2.76,Power Gas,"49 Howe St, New Haven, CT"
2018-11-14,3.45,Mobil,"200 Sargent Dr, New Haven, CT"
2018-11-14,3.09,Mobil,"284 Whalley Ave, New Haven, CT"
2018-11-14,2.92,CITGO,"61 Chapel St, New Haven, CT"
2018-11-14,2.89,Mobil,"1331 State  St, New Haven, CT"
2018-11-14,2.97,Mobil,"241 Kimberly Ave, New Haven, CT"
2018-11-14,2.83,Forbes Premium,"401 Forbes Ave, East Haven, CT"
2018-11-14,3.09,Shell,"1183 Townsend Ave, New Haven, CT"
2018-11-14,2.88,CITGO," 62 Elm St, West Haven, CT"
2018-11-14,2.7,Sunoco,"1978 State St, Hamden, CT"
2018-11-14,2.84,First Fuel,"810 1st Ave, West Haven, CT"
2018-11-14,2.87,CITGO,"3956 Main St, Bridgeport, CT"
2018-11-14,2.89,CITGO,"915 Reservoir Ave, Bridgeport, CT"
2018-11-14,2.79,Speedway,"169 North Ave, Bridgeport, CT"
2018-11-14,2.69,BP,"547 North Ave, Bridgeport, CT"
2018-11-14,2.69,BP,"547 North Ave, Bridgeport, CT"
2018-11-14,2.83,Mobil,"1360 Noble Ave, Bridgeport, CT"
2018-11-14,2.73,City Gas,"289 Huntington Tpke, Bridgeport, CT"
2018-11-14,2.79,Shell,"915 North Ave, Bridgeport, CT"
2018-11-14,2.79,Valero,"406 Huntington Tpke, Bridgeport, CT"
2018-11-14,2.98,BP,"3725 Madison Ave, Bridgeport, CT"
2018-11-15,2.89,Global,"765 E Main St , Stamford, CT"
2018-11-15,2.99,Sunoco,"136 Myrtle Ave, Stamford, CT"
2018-11-15,2.95,BP,"59 W Broad St, Stamford, CT"
2018-11-15,2.99,Shell,"179 Shippan Ave , Stamford, CT"
2018-11-15,2.99,Gulf,"10 West Ave, Stamford, CT"
2018-11-15,3.01,Sunoco,"406 W Main St, Stamford, CT"
2018-11-15,2.99,BP,"224 Magee Ave, Stamford, CT"
2018-11-15,2.93,Mini Mart,"314 Cove Rd, Stamford, CT"
2018-11-15,2.99,Shell,"243 West Ave, Stamford, CT"
2018-11-15,2.77,Gulf ,"250 Hope St, Stamford, CT"
2018-11-15,2.89,Gulf,"1125 E Main St, Stamford, CT"
2018-11-15,3.15,CITGO,"16 Long Ridge Rd, Stamford, CT"
2018-11-15,2.77,CITGO,"493 Glenbrook Rd , Stamford, CT"
2018-11-15,2.69,TURIND,"624 E Main St, Bridgeport, CT"
2018-11-15,2.69,BP,"547 North Ave, Bridgeport, CT"
2018-11-15,2.79,Shell,"915 North Ave, Bridgeport, CT"
2018-11-15,2.79,Exxon,"565 Lindley St, Bridgeport, CT"
2018-11-15,2.79,Speedway,"169 North Ave, Bridgeport, CT"
2018-11-15,2.89,Shell,"1917 Boston Ave, Bridgeport, CT"
2018-11-15,2.79,Gulf,"927 Park Ave, Bridgeport, CT"
2018-11-15,2.87,Cumberland Farms,"2525 E Main St, Bridgeport, CT"
2018-11-15,3.07,Mobil,"1705 Park Ave, Bridgeport, CT"
2018-11-15,2.68,Massey,"40 Hollister Ave, Bridgeport, CT"
2018-11-15,2.83,BP,"265 Boston Ave, Stratford, CT"
2018-11-15,2.79,CITGO,"605 Success Ave, Stratford, CT"
2018-11-15,2.76,Power Gas,"49 Howe St, New Haven, CT"
2018-11-15,2.69,Stop & Shop,"150 Whalley Ave, New Haven, CT"
2018-11-15,3.45,Mobil,"200 Sargent Dr, New Haven, CT"
2018-11-15,3.09,Mobil,"284 Whalley Ave, New Haven, CT"
2018-11-15,2.97,Mobil,"241 Kimberly Ave, New Haven, CT"
2018-11-15,2.94,Mobil,"1331 State  St, New Haven, CT"
2018-11-15,2.79,Forbes Premium,"401 Forbes Ave, East Haven, CT"
2018-11-15,2.65,Gulf,"158 Fitch St, New Haven, CT"
2018-11-15,2.79,Exxon,"775 Whalley Ave, New Haven, CT"
2018-11-15,2.63,Irving,"801 Whalley Ave, New Haven, CT"
2018-11-15,2.79,First Fuel,"810 1st Ave, West Haven, CT"
2018-11-15,2.88,CITGO," 62 Elm St, West Haven, CT"
2018-11-15,2.71,Mobil,"385 Watertown Ave, Waterbury, CT"
2018-11-15,2.76,Shell,"618 W Main St , Waterbury, CT"
2018-11-15,2.79,Gulf,"21 Union St, Waterbury, CT"
2018-11-15,2.69,Irving,"1404 E Main St, Waterbury, CT"
2018-11-15,3.29,Sunoco,"245 Chase Ave, Waterbury, CT"
2018-11-15,2.79,CITGO,"866 Highland Ave, Waterbury, CT"
2018-11-15,2.71,Stop & Shop,"240 Chase Ave, Waterbury, CT"
2018-11-15,2.69,Mobil,"2073 N Main St , Waterbury, CT"
2018-11-15,2.75,Ultra,"990 Huntingdon Ave, Waterbury, CT"
2018-11-15,2.81,Cumberland Farms,"1359 THOMASTON AVE, Waterbury, CT"
2018-11-15,2.93,Cumberland Farms,"975 Kings Hwy E, Fairfield, CT"
2018-11-15,2.81,CITGO,"2505 North Ave, Bridgeport, CT"
2018-11-15,3.07,CITGO,"478 Iranistan Ave, Bridgeport, CT"
2018-11-15,2.86,Stop & Shop,"705 Villa Ave, Fairfield, CT"
2018-11-15,2.79,Star Fuels,"350 Jennings Rd, Fairfield, CT"
2018-11-15,2.79,Gulf,"927 Park Ave, Bridgeport, CT"
2018-11-15,3.07,Mobil,"1705 Park Ave, Bridgeport, CT"
2018-11-15,2.99,Sunoco,"500 Grasmere Ave, Fairfield, CT"
2018-11-15,2.79,Shell,"915 North Ave, Bridgeport, CT"
2018-11-15,2.97,Mobil,"2120 Black Rock Tpke, Fairfield, CT"
2018-11-15,2.69,TURIND,"624 E Main St, Bridgeport, CT"
2018-11-15,2.95,Cumberland Farms,"1101 Post Rd, Fairfield, CT"
2018-11-15,2.97,Mobil,"241 Kimberly Ave, New Haven, CT"
2018-11-15,3.45,Mobil,"200 Sargent Dr, New Haven, CT"
2018-11-15,2.76,Power Gas,"49 Howe St, New Haven, CT"
2018-11-15,2.79,First Fuel,"810 1st Ave, West Haven, CT"
2018-11-15,2.88,CITGO," 62 Elm St, West Haven, CT"
2018-11-15,2.69,Stop & Shop,"150 Whalley Ave, New Haven, CT"
2018-11-15,3.09,Mobil,"284 Whalley Ave, New Haven, CT"
2018-11-15,2.85,Shell,"658 Campbell Ave, West Haven, CT"
2018-11-15,2.85,Shell,"658 Campbell Ave, West Haven, CT"
2018-11-15,2.85,Xpress Fuel,"345 Elm St, West Haven, CT"
2018-11-15,2.67,Sunoco,"435 Derby Ave, West Haven, CT"
2018-11-15,2.69,Mobil,"540 Derby Ave , West Haven, CT"
2018-11-15,2.79,Forbes Premium,"401 Forbes Ave, East Haven, CT"
2018-11-15,2.85,Valero,"528 Main St, West Haven, CT"
2018-11-15,3.07,Mobil,"1705 Park Ave, Bridgeport, CT"
2018-11-15,2.79,Gulf,"927 Park Ave, Bridgeport, CT"
2018-11-15,2.79,Shell,"915 North Ave, Bridgeport, CT"
2018-11-15,2.69,TURIND,"624 E Main St, Bridgeport, CT"
2018-11-15,3.07,CITGO,"478 Iranistan Ave, Bridgeport, CT"
2018-11-15,2.81,CITGO,"2505 North Ave, Bridgeport, CT"
2018-11-15,2.83,ATLAS Gas,"1726 Fairfield Ave, Bridgeport, CT"
2018-11-15,2.69,BP,"547 North Ave, Bridgeport, CT"
2018-11-15,2.79,Exxon,"565 Lindley St, Bridgeport, CT"
2018-11-15,2.86,Stop & Shop,"705 Villa Ave, Fairfield, CT"
2018-11-15,2.79,Speedway,"169 North Ave, Bridgeport, CT"
2018-11-15,3.13,Shell,"1620 Park St, Hartford, CT"
2018-11-15,2.89,DB Mart,"125 New Britain Ave, Hartford, CT"
2018-11-15,2.57,CITGO,"831 Maple Ave, Hartford, CT"
2018-11-15,2.57,City Gas,"10 White St, Hartford, CT"
2018-11-15,2.59,Ravi,"850 Maple Ave, Hartford, CT"
2018-11-15,2.89,CITGO,"106 Sisson Ave, Hartford, CT"
2018-11-15,2.59,Ravi,"850 Maple Ave, Hartford, CT"
2018-11-15,2.94,7-Eleven,"2120 Park St, Hartford, CT"
2018-11-15,2.59,Valero,"923 Maple Ave, Hartford, CT"
2018-11-15,2.99,Shell,"456 New Park Ave, West Hartford, CT"
2018-11-15,2.94,Cumberland Farms,"485 New Park , West Hartford, CT"
2018-11-15,2.76,Power Gas,"49 Howe St, New Haven, CT"
2018-11-15,3.45,Mobil,"200 Sargent Dr, New Haven, CT"
2018-11-15,2.69,Stop & Shop,"150 Whalley Ave, New Haven, CT"
2018-11-15,3.09,Mobil,"284 Whalley Ave, New Haven, CT"
2018-11-15,2.94,Mobil,"1331 State  St, New Haven, CT"
2018-11-15,2.97,Mobil,"241 Kimberly Ave, New Haven, CT"
2018-11-15,2.79,Forbes Premium,"401 Forbes Ave, East Haven, CT"
2018-11-15,2.65,Gulf,"158 Fitch St, New Haven, CT"
2018-11-15,2.88,CITGO," 62 Elm St, West Haven, CT"
2018-11-15,2.79,Exxon,"775 Whalley Ave, New Haven, CT"
2018-11-15,2.79,First Fuel,"810 1st Ave, West Haven, CT"
2018-11-15,2.89,CITGO,"915 Reservoir Ave, Bridgeport, CT"
2018-11-15,3.01,Mobil,"3691 Main St, Bridgeport, CT"
2018-11-15,2.89,Valero,"4063 Main St, Bridgeport, CT"
2018-11-15,2.79,Speedway,"169 North Ave, Bridgeport, CT"
2018-11-15,2.79,Exxon,"565 Lindley St, Bridgeport, CT"
2018-11-15,2.95,Shell,"4402 Main St, Bridgeport, CT"
2018-11-15,2.87,Cumberland Farms,"2525 E Main St, Bridgeport, CT"
2018-11-15,2.83,Mobil,"1360 Noble Ave, Bridgeport, CT"
2018-11-15,2.69,BP,"547 North Ave, Bridgeport, CT"
2018-11-15,2.73,City Gas,"289 Huntington Tpke, Bridgeport, CT"
2018-11-15,2.79,Shell,"915 North Ave, Bridgeport, CT"
2018-11-15,2.79,Valero,"406 Huntington Tpke, Bridgeport, CT"
2018-11-15,2.98,BP,"3725 Madison Ave, Bridgeport, CT"
2018-11-17,2.89,Global,"765 E Main St , Stamford, CT"
2018-11-17,2.99,Sunoco,"136 Myrtle Ave, Stamford, CT"
2018-11-17,2.95,BP,"59 W Broad St, Stamford, CT"
2018-11-17,2.99,Shell,"179 Shippan Ave , Stamford, CT"
2018-11-17,2.99,Gulf,"10 West Ave, Stamford, CT"
2018-11-17,3.01,Sunoco,"406 W Main St, Stamford, CT"
2018-11-17,2.99,BP,"224 Magee Ave, Stamford, CT"
2018-11-17,2.99,Mini Mart,"314 Cove Rd, Stamford, CT"
2018-11-17,2.99,Shell,"243 West Ave, Stamford, CT"
2018-11-17,2.77,Gulf ,"250 Hope St, Stamford, CT"
2018-11-17,2.89,Gulf,"1125 E Main St, Stamford, CT"
2018-11-17,3.15,CITGO,"16 Long Ridge Rd, Stamford, CT"
2018-11-17,2.77,CITGO,"493 Glenbrook Rd , Stamford, CT"
2018-11-17,2.69,BP,"547 North Ave, Bridgeport, CT"
2018-11-17,2.79,Speedway,"169 North Ave, Bridgeport, CT"
2018-11-17,2.79,Exxon,"565 Lindley St, Bridgeport, CT"
2018-11-17,2.73,Barnum Fuels,"1789 Barnum Ave, Bridgeport, CT"
2018-11-17,2.79,Gulf,"927 Park Ave, Bridgeport, CT"
2018-11-17,2.85,Cumberland Farms,"2525 E Main St, Bridgeport, CT"
2018-11-17,3.07,Mobil,"1705 Park Ave, Bridgeport, CT"
2018-11-17,2.68,Massey,"40 Hollister Ave, Bridgeport, CT"
2018-11-17,2.83,BP,"265 Boston Ave, Stratford, CT"
2018-11-17,2.79,CITGO,"605 Success Ave, Stratford, CT"
2018-11-17,2.69,Stop & Shop,"150 Whalley Ave, New Haven, CT"
2018-11-17,2.89,Mobil,"284 Whalley Ave, New Haven, CT"
2018-11-17,2.97,Mobil,"241 Kimberly Ave, New Haven, CT"
2018-11-17,2.94,Mobil,"1331 State  St, New Haven, CT"
2018-11-17,2.79,Forbes Premium,"401 Forbes Ave, East Haven, CT"
2018-11-17,2.69,Exxon,"775 Whalley Ave, New Haven, CT"
2018-11-17,2.63,Irving,"801 Whalley Ave, New Haven, CT"
2018-11-17,2.88,CITGO," 62 Elm St, West Haven, CT"
2018-11-17,2.89,Shell,"1183 Townsend Ave, New Haven, CT"
2018-11-17,2.71,Mobil,"385 Watertown Ave, Waterbury, CT"
2018-11-17,2.76,Shell,"618 W Main St , Waterbury, CT"
2018-11-17,2.63,Irving,"1404 E Main St, Waterbury, CT"
2018-11-17,3.29,Sunoco,"245 Chase Ave, Waterbury, CT"
2018-11-17,2.69,Mobil,"2073 N Main St , Waterbury, CT"
2018-11-17,2.79,CITGO,"866 Highland Ave, Waterbury, CT"
2018-11-17,2.71,Stop & Shop,"240 Chase Ave, Waterbury, CT"
2018-11-17,2.65,Valero,"467 Wolcott St, Waterbury, CT"
2018-11-17,2.75,Ultra,"990 Huntingdon Ave, Waterbury, CT"
2018-11-17,2.77,Cumberland Farms,"1359 THOMASTON AVE, Waterbury, CT"
2018-11-17,2.93,Cumberland Farms,"975 Kings Hwy E, Fairfield, CT"
2018-11-17,2.84,Stop & Shop,"705 Villa Ave, Fairfield, CT"
2018-11-17,2.79,Star Fuels,"350 Jennings Rd, Fairfield, CT"
2018-11-17,2.79,Gulf,"927 Park Ave, Bridgeport, CT"
2018-11-17,3.07,Mobil,"1705 Park Ave, Bridgeport, CT"
2018-11-17,2.99,Sunoco,"500 Grasmere Ave, Fairfield, CT"
2018-11-17,2.95,Cumberland Farms,"1101 Post Rd, Fairfield, CT"
2018-11-17,2.97,Mobil,"241 Kimberly Ave, New Haven, CT"
2018-11-17,2.88,CITGO," 62 Elm St, West Haven, CT"
2018-11-17,2.69,Stop & Shop,"150 Whalley Ave, New Haven, CT"
2018-11-17,2.89,Mobil,"284 Whalley Ave, New Haven, CT"
2018-11-17,2.85,Xpress Fuel,"345 Elm St, West Haven, CT"
2018-11-17,2.67,Sunoco,"435 Derby Ave, West Haven, CT"
2018-11-17,2.89,Gulf,"750 Orange Ave, West Haven, CT"
2018-11-17,2.67,Mobil,"540 Derby Ave , West Haven, CT"
2018-11-17,2.79,Forbes Premium,"401 Forbes Ave, East Haven, CT"
2018-11-17,2.85,Valero,"528 Main St, West Haven, CT"
2018-11-17,3.07,Mobil,"1705 Park Ave, Bridgeport, CT"
2018-11-17,2.79,Gulf,"927 Park Ave, Bridgeport, CT"
2018-11-17,2.69,BP,"547 North Ave, Bridgeport, CT"
2018-11-17,2.79,Exxon,"565 Lindley St, Bridgeport, CT"
2018-11-17,2.84,Stop & Shop,"705 Villa Ave, Fairfield, CT"
2018-11-17,2.79,Speedway,"169 North Ave, Bridgeport, CT"
2018-11-17,2.57,CITGO,"831 Maple Ave, Hartford, CT"
2018-11-17,2.89,CITGO,"106 Sisson Ave, Hartford, CT"
2018-11-17,2.57,City Gas,"10 White St, Hartford, CT"
2018-11-17,2.57,Ravi,"850 Maple Ave, Hartford, CT"
2018-11-17,2.79,Shell,"335 Capitol Ave, Hartford, CT"
2018-11-17,3.03,Shell,"195 Prospect , Hartford, CT"
2018-11-17,2.87,7-Eleven,"2120 Park St, Hartford, CT"
2018-11-17,2.59,Valero,"923 Maple Ave, Hartford, CT"
2018-11-17,3.18,Mobil,"519 Farmington Ave, Hartford, CT"
2018-11-17,2.89,Cumberland Farms,"485 New Park , West Hartford, CT"
2018-11-17,2.69,Stop & Shop,"150 Whalley Ave, New Haven, CT"
2018-11-17,2.89,Mobil,"284 Whalley Ave, New Haven, CT"
2018-11-17,2.94,Mobil,"1331 State  St, New Haven, CT"
2018-11-17,2.97,Mobil,"241 Kimberly Ave, New Haven, CT"
2018-11-17,2.79,Forbes Premium,"401 Forbes Ave, East Haven, CT"
2018-11-17,2.89,Shell,"1183 Townsend Ave, New Haven, CT"
2018-11-17,2.88,CITGO," 62 Elm St, West Haven, CT"
2018-11-17,2.69,Exxon,"775 Whalley Ave, New Haven, CT"
2018-11-17,2.89,CITGO,"915 Reservoir Ave, Bridgeport, CT"
2018-11-17,2.79,Exxon,"565 Lindley St, Bridgeport, CT"
2018-11-17,2.79,Speedway,"169 North Ave, Bridgeport, CT"
2018-11-17,2.85,Cumberland Farms,"2525 E Main St, Bridgeport, CT"
2018-11-17,2.83,Mobil,"1360 Noble Ave, Bridgeport, CT"
2018-11-17,2.69,BP,"547 North Ave, Bridgeport, CT"
2018-11-17,2.73,City Gas,"289 Huntington Tpke, Bridgeport, CT"
2018-11-18,2.89,Global,"765 E Main St , Stamford, CT"
2018-11-18,2.99,Sunoco,"136 Myrtle Ave, Stamford, CT"
2018-11-18,3.01,Sunoco,"406 W Main St, Stamford, CT"
2018-11-18,2.99,BP,"224 Magee Ave, Stamford, CT"
2018-11-18,3.25,Shell,"2666 Summer St, Stamford, CT"
2018-11-18,3.25,Shell,"2666 Summer St, Stamford, CT"
2018-11-18,2.99,Shell,"243 West Ave, Stamford, CT"
2018-11-18,2.77,Gulf ,"250 Hope St, Stamford, CT"
2018-11-18,2.89,Gulf,"1125 E Main St, Stamford, CT"
2018-11-18,3.15,CITGO,"16 Long Ridge Rd, Stamford, CT"
2018-11-18,2.77,CITGO,"493 Glenbrook Rd , Stamford, CT"
2018-11-18,2.69,BP,"547 North Ave, Bridgeport, CT"
2018-11-18,2.87,Shell,"915 North Ave, Bridgeport, CT"
2018-11-18,2.89,Shell,"1917 Boston Ave, Bridgeport, CT"
2018-11-18,2.73,Barnum Fuels,"1789 Barnum Ave, Bridgeport, CT"
2018-11-18,3.09,Shell,"2613 Main St, Bridgeport, CT"
2018-11-18,3.07,Mobil,"1705 Park Ave, Bridgeport, CT"
2018-11-18,2.85,Cumberland Farms,"2525 E Main St, Bridgeport, CT"
2018-11-18,2.83,BP,"265 Boston Ave, Stratford, CT"
2018-11-18,2.68,Massey,"40 Hollister Ave, Bridgeport, CT"
2018-11-18,2.69,Power Gas,"49 Howe St, New Haven, CT"
2018-11-18,2.69,Stop & Shop,"150 Whalley Ave, New Haven, CT"
2018-11-18,2.89,Mobil,"284 Whalley Ave, New Haven, CT"
2018-11-18,2.97,Mobil,"241 Kimberly Ave, New Haven, CT"
2018-11-18,2.79,Forbes Premium,"401 Forbes Ave, East Haven, CT"
2018-11-18,2.63,Exxon,"775 Whalley Ave, New Haven, CT"
2018-11-18,2.63,Irving,"801 Whalley Ave, New Haven, CT"
2018-11-18,2.88,CITGO," 62 Elm St, West Haven, CT"
2018-11-18,2.76,Shell,"618 W Main St , Waterbury, CT"
2018-11-18,2.89,Exxon,"474 Bank St, Waterbury, CT"
2018-11-18,2.63,Irving,"1404 E Main St, Waterbury, CT"
2018-11-18,3.29,Sunoco,"245 Chase Ave, Waterbury, CT"
2018-11-18,2.69,Mobil,"2073 N Main St , Waterbury, CT"
2018-11-18,2.79,CITGO,"866 Highland Ave, Waterbury, CT"
2018-11-18,2.71,Stop & Shop,"240 Chase Ave, Waterbury, CT"
2018-11-18,2.65,Valero,"467 Wolcott St, Waterbury, CT"
2018-11-18,2.67,Ultra,"990 Huntingdon Ave, Waterbury, CT"
2018-11-18,2.66,CITGO,"1485 E Main St, Waterbury, CT"
2018-11-18,2.77,Gulf,"21 Homer St, Waterbury, CT"
2018-11-18,2.77,Cumberland Farms,"1359 THOMASTON AVE, Waterbury, CT"
2018-11-18,2.84,Stop & Shop,"705 Villa Ave, Fairfield, CT"
2018-11-18,2.79,Star Fuels,"350 Jennings Rd, Fairfield, CT"
2018-11-18,3.07,Mobil,"1705 Park Ave, Bridgeport, CT"
2018-11-18,2.89,Sunoco,"500 Grasmere Ave, Fairfield, CT"
2018-11-18,2.87,Shell,"915 North Ave, Bridgeport, CT"
2018-11-18,2.91,Cumberland Farms,"1101 Post Rd, Fairfield, CT"
2018-11-18,2.97,Mobil,"241 Kimberly Ave, New Haven, CT"
2018-11-18,2.69,Power Gas,"49 Howe St, New Haven, CT"
2018-11-18,2.88,CITGO," 62 Elm St, West Haven, CT"
2018-11-18,2.69,Stop & Shop,"150 Whalley Ave, New Haven, CT"
2018-11-18,2.89,Mobil,"284 Whalley Ave, New Haven, CT"
2018-11-18,2.85,Shell,"658 Campbell Ave, West Haven, CT"
2018-11-18,2.67,Sunoco,"435 Derby Ave, West Haven, CT"
2018-11-18,2.89,Gulf,"750 Orange Ave, West Haven, CT"
2018-11-18,2.67,Mobil,"540 Derby Ave , West Haven, CT"
2018-11-18,2.79,Forbes Premium,"401 Forbes Ave, East Haven, CT"
2018-11-18,3.07,Mobil,"1705 Park Ave, Bridgeport, CT"
2018-11-18,2.87,Shell,"915 North Ave, Bridgeport, CT"
2018-11-18,2.69,BP,"547 North Ave, Bridgeport, CT"
2018-11-18,3.09,Shell,"2613 Main St, Bridgeport, CT"
2018-11-18,2.84,Stop & Shop,"705 Villa Ave, Fairfield, CT"
2018-11-18,2.83,Mobil," 234 Washington St, Hartford, CT"
2018-11-18,2.57,CITGO,"831 Maple Ave, Hartford, CT"
2018-11-18,2.95,CITGO,"106 Sisson Ave, Hartford, CT"
2018-11-18,2.87,Shell,"335 Capitol Ave, Hartford, CT"
2018-11-18,3.03,Shell,"195 Prospect , Hartford, CT"
2018-11-18,2.87,Shell,"335 Capitol Ave, Hartford, CT"
2018-11-18,2.87,7-Eleven,"2120 Park St, Hartford, CT"
2018-11-18,2.89,Cumberland Farms,"485 New Park , West Hartford, CT"
2018-11-18,2.69,Power Gas,"49 Howe St, New Haven, CT"
2018-11-18,2.69,Stop & Shop,"150 Whalley Ave, New Haven, CT"
2018-11-18,2.89,Mobil,"284 Whalley Ave, New Haven, CT"
2018-11-18,2.97,Mobil,"241 Kimberly Ave, New Haven, CT"
2018-11-18,2.79,Forbes Premium,"401 Forbes Ave, East Haven, CT"
2018-11-18,2.88,CITGO," 62 Elm St, West Haven, CT"
2018-11-18,2.63,Exxon,"775 Whalley Ave, New Haven, CT"
2018-11-18,2.7,Sunoco,"1978 State St, Hamden, CT"
2018-11-18,2.89,CITGO,"915 Reservoir Ave, Bridgeport, CT"
2018-11-18,3.01,Mobil,"3691 Main St, Bridgeport, CT"
2018-11-18,3.09,Shell,"2613 Main St, Bridgeport, CT"
2018-11-18,2.95,Shell,"4402 Main St, Bridgeport, CT"
2018-11-18,2.69,BP,"547 North Ave, Bridgeport, CT"
2018-11-18,2.69,BP,"547 North Ave, Bridgeport, CT"
2018-11-18,2.73,City Gas,"289 Huntington Tpke, Bridgeport, CT"
2018-11-18,2.87,Shell,"915 North Ave, Bridgeport, CT"
